eventID,case_concept:name,event_concept:name,event_lifecycle:transition,event_time:timestamp,eventSeq,total_time:timestamp,time_till_next_event:timestamp
0,A1,Create Fine,complete,7/24/2006,[8],,
1,A1,Send Fine,complete,12/5/2006,"[8, 9]",,
ENDOFTRACE,ENDOFTRACE,ENDOFTRACE,ENDOFTRACE,ENDOFTRACE,[],,
4294967296,A100,Create Fine,complete,8/2/2006,[8],,
4294967297,A100,Send Fine,complete,12/12/2006,"[8, 9]",,
4294967298,A100,Insert Fine Notification,complete,1/15/2007,"[8, 9, 0]",,
4294967299,A100,Add penalty,complete,3/16/2007,"[8, 9, 0, 5]",,
4294967300,A100,Send for Credit Collection,complete,3/30/2009,"[8, 9, 0, 5, 10]",,
ENDOFTRACE,ENDOFTRACE,ENDOFTRACE,ENDOFTRACE,ENDOFTRACE,[],,
8589934592,A10000,Create Fine,complete,3/9/2007,[8],,
8589934593,A10000,Send Fine,complete,7/17/2007,"[8, 9]",,
8589934594,A10000,Insert Fine Notification,complete,8/2/2007,"[8, 9, 0]",,
8589934595,A10000,Add penalty,complete,10/1/2007,"[8, 9, 0, 5]",,
8589934596,A10000,Payment,complete,9/9/2008,"[8, 9, 0, 5, 2]",,
ENDOFTRACE,ENDOFTRACE,ENDOFTRACE,ENDOFTRACE,ENDOFTRACE,[],,
12884901888,A10001,Create Fine,complete,3/19/2007,[8],,
12884901889,A10001,Send Fine,complete,7/17/2007,"[8, 9]",,
12884901890,A10001,Insert Fine Notification,complete,7/25/2007,"[8, 9, 0]",,
12884901891,A10001,Insert Date Appeal to Prefecture,complete,8/2/2007,"[8, 9, 0, 7]",,
12884901892,A10001,Add penalty,complete,9/23/2007,"[8, 9, 0, 7, 5]",,
12884901893,A10001,Send Appeal to Prefecture,complete,9/24/2007,"[8, 9, 0, 7, 5, 6]",,
ENDOFTRACE,ENDOFTRACE,ENDOFTRACE,ENDOFTRACE,ENDOFTRACE,[],,
17179869184,A10004,Create Fine,complete,3/20/2007,[8],,
17179869185,A10004,Send Fine,complete,7/17/2007,"[8, 9]",,
17179869186,A10004,Insert Fine Notification,complete,7/24/2007,"[8, 9, 0]",,
17179869187,A10004,Add penalty,complete,9/22/2007,"[8, 9, 0, 5]",,
17179869188,A10004,Send for Credit Collection,complete,3/30/2009,"[8, 9, 0, 5, 10]",,
ENDOFTRACE,ENDOFTRACE,ENDOFTRACE,ENDOFTRACE,ENDOFTRACE,[],,
21474836480,A10005,Create Fine,complete,3/20/2007,[8],,
21474836481,A10005,Payment,complete,3/21/2007,"[8, 2]",,
ENDOFTRACE,ENDOFTRACE,ENDOFTRACE,ENDOFTRACE,ENDOFTRACE,[],,
25769803776,A10007,Create Fine,complete,3/20/2007,[8],,
25769803777,A10007,Payment,complete,3/23/2007,"[8, 2]",,
ENDOFTRACE,ENDOFTRACE,ENDOFTRACE,ENDOFTRACE,ENDOFTRACE,[],,
30064771072,A10008,Create Fine,complete,3/20/2007,[8],,
30064771073,A10008,Send Fine,complete,7/17/2007,"[8, 9]",,
30064771074,A10008,Insert Fine Notification,complete,8/2/2007,"[8, 9, 0]",,
30064771075,A10008,Add penalty,complete,10/1/2007,"[8, 9, 0, 5]",,
30064771076,A10008,Send for Credit Collection,complete,3/30/2009,"[8, 9, 0, 5, 10]",,
ENDOFTRACE,ENDOFTRACE,ENDOFTRACE,ENDOFTRACE,ENDOFTRACE,[],,
34359738368,A10009,Create Fine,complete,3/20/2007,[8],,
34359738369,A10009,Send Fine,complete,7/17/2007,"[8, 9]",,
34359738370,A10009,Insert Fine Notification,complete,7/23/2007,"[8, 9, 0]",,
34359738371,A10009,Add penalty,complete,9/21/2007,"[8, 9, 0, 5]",,
34359738372,A10009,Payment,complete,10/1/2007,"[8, 9, 0, 5, 2]",,
34359738373,A10009,Payment,complete,10/31/2007,"[8, 9, 0, 5, 2, 2]",,
ENDOFTRACE,ENDOFTRACE,ENDOFTRACE,ENDOFTRACE,ENDOFTRACE,[],,
38654705664,A1001,Create Fine,complete,8/2/2006,[8],,
38654705665,A1001,Send Fine,complete,12/12/2006,"[8, 9]",,
38654705666,A1001,Insert Fine Notification,complete,12/31/2006,"[8, 9, 0]",,
38654705667,A1001,Add penalty,complete,3/1/2007,"[8, 9, 0, 5]",,
38654705668,A1001,Send for Credit Collection,complete,3/30/2009,"[8, 9, 0, 5, 10]",,
ENDOFTRACE,ENDOFTRACE,ENDOFTRACE,ENDOFTRACE,ENDOFTRACE,[],,
42949672960,A10010,Create Fine,complete,3/20/2007,[8],,
42949672961,A10010,Send Fine,complete,7/17/2007,"[8, 9]",,
42949672962,A10010,Insert Fine Notification,complete,7/23/2007,"[8, 9, 0]",,
42949672963,A10010,Add penalty,complete,9/21/2007,"[8, 9, 0, 5]",,
42949672964,A10010,Send for Credit Collection,complete,3/30/2009,"[8, 9, 0, 5, 10]",,
ENDOFTRACE,ENDOFTRACE,ENDOFTRACE,ENDOFTRACE,ENDOFTRACE,[],,
47244640256,A10011,Create Fine,complete,3/21/2007,[8],,
47244640257,A10011,Send Fine,complete,9/29/2007,"[8, 9]",,
47244640258,A10011,Insert Fine Notification,complete,10/12/2007,"[8, 9, 0]",,
47244640259,A10011,Add penalty,complete,12/11/2007,"[8, 9, 0, 5]",,
47244640260,A10011,Send for Credit Collection,complete,3/30/2009,"[8, 9, 0, 5, 10]",,
ENDOFTRACE,ENDOFTRACE,ENDOFTRACE,ENDOFTRACE,ENDOFTRACE,[],,
51539607552,A10012,Create Fine,complete,3/21/2007,[8],,
51539607553,A10012,Send Fine,complete,8/2/2007,"[8, 9]",,
ENDOFTRACE,ENDOFTRACE,ENDOFTRACE,ENDOFTRACE,ENDOFTRACE,[],,
55834574848,A10015,Create Fine,complete,3/21/2007,[8],,
55834574849,A10015,Send Fine,complete,8/2/2007,"[8, 9]",,
55834574850,A10015,Insert Fine Notification,complete,8/19/2007,"[8, 9, 0]",,
55834574851,A10015,Add penalty,complete,10/18/2007,"[8, 9, 0, 5]",,
55834574852,A10015,Send for Credit Collection,complete,3/30/2009,"[8, 9, 0, 5, 10]",,
ENDOFTRACE,ENDOFTRACE,ENDOFTRACE,ENDOFTRACE,ENDOFTRACE,[],,
60129542144,A10018,Create Fine,complete,3/22/2007,[8],,
60129542145,A10018,Send Fine,complete,8/2/2007,"[8, 9]",,
60129542146,A10018,Insert Fine Notification,complete,8/9/2007,"[8, 9, 0]",,
60129542148,A10018,Payment,complete,10/8/2007,"[8, 9, 0, 2]",,
60129542147,A10018,Add penalty,complete,10/8/2007,"[8, 9, 0, 2, 5]",,
ENDOFTRACE,ENDOFTRACE,ENDOFTRACE,ENDOFTRACE,ENDOFTRACE,[],,
64424509440,A10019,Create Fine,complete,3/22/2007,[8],,
64424509441,A10019,Send Fine,complete,7/17/2007,"[8, 9]",,
64424509442,A10019,Insert Fine Notification,complete,7/23/2007,"[8, 9, 0]",,
64424509443,A10019,Add penalty,complete,9/21/2007,"[8, 9, 0, 5]",,
64424509444,A10019,Send for Credit Collection,complete,3/30/2009,"[8, 9, 0, 5, 10]",,
ENDOFTRACE,ENDOFTRACE,ENDOFTRACE,ENDOFTRACE,ENDOFTRACE,[],,
68719476736,A1002,Create Fine,complete,8/5/2006,[8],,
68719476737,A1002,Send Fine,complete,12/12/2006,"[8, 9]",,
68719476738,A1002,Insert Fine Notification,complete,1/3/2007,"[8, 9, 0]",,
68719476739,A1002,Add penalty,complete,3/4/2007,"[8, 9, 0, 5]",,
68719476740,A1002,Send for Credit Collection,complete,3/30/2009,"[8, 9, 0, 5, 10]",,
ENDOFTRACE,ENDOFTRACE,ENDOFTRACE,ENDOFTRACE,ENDOFTRACE,[],,
73014444032,A10021,Create Fine,complete,3/22/2007,[8],,
73014444033,A10021,Send Fine,complete,8/2/2007,"[8, 9]",,
73014444034,A10021,Insert Fine Notification,complete,8/9/2007,"[8, 9, 0]",,
73014444035,A10021,Add penalty,complete,10/8/2007,"[8, 9, 0, 5]",,
73014444036,A10021,Send for Credit Collection,complete,3/30/2009,"[8, 9, 0, 5, 10]",,
ENDOFTRACE,ENDOFTRACE,ENDOFTRACE,ENDOFTRACE,ENDOFTRACE,[],,
77309411328,A10022,Create Fine,complete,3/22/2007,[8],,
77309411329,A10022,Payment,complete,3/28/2007,"[8, 2]",,
ENDOFTRACE,ENDOFTRACE,ENDOFTRACE,ENDOFTRACE,ENDOFTRACE,[],,
81604378624,A10023,Create Fine,complete,3/22/2007,[8],,
81604378625,A10023,Send Fine,complete,7/17/2007,"[8, 9]",,
81604378626,A10023,Insert Fine Notification,complete,7/25/2007,"[8, 9, 0]",,
81604378627,A10023,Add penalty,complete,9/23/2007,"[8, 9, 0, 5]",,
81604378628,A10023,Send for Credit Collection,complete,3/30/2009,"[8, 9, 0, 5, 10]",,
ENDOFTRACE,ENDOFTRACE,ENDOFTRACE,ENDOFTRACE,ENDOFTRACE,[],,
85899345920,A10024,Create Fine,complete,3/22/2007,[8],,
85899345921,A10024,Payment,complete,3/26/2007,"[8, 2]",,
ENDOFTRACE,ENDOFTRACE,ENDOFTRACE,ENDOFTRACE,ENDOFTRACE,[],,
90194313216,A10025,Create Fine,complete,3/22/2007,[8],,
90194313217,A10025,Send Fine,complete,8/2/2007,"[8, 9]",,
90194313218,A10025,Insert Fine Notification,complete,8/9/2007,"[8, 9, 0]",,
90194313219,A10025,Add penalty,complete,10/8/2007,"[8, 9, 0, 5]",,
90194313220,A10025,Send for Credit Collection,complete,3/30/2009,"[8, 9, 0, 5, 10]",,
ENDOFTRACE,ENDOFTRACE,ENDOFTRACE,ENDOFTRACE,ENDOFTRACE,[],,
94489280512,A10026,Create Fine,complete,3/22/2007,[8],,
94489280513,A10026,Send Fine,complete,7/17/2007,"[8, 9]",,
94489280514,A10026,Insert Fine Notification,complete,7/25/2007,"[8, 9, 0]",,
94489280515,A10026,Add penalty,complete,9/23/2007,"[8, 9, 0, 5]",,
94489280516,A10026,Send for Credit Collection,complete,3/30/2009,"[8, 9, 0, 5, 10]",,
ENDOFTRACE,ENDOFTRACE,ENDOFTRACE,ENDOFTRACE,ENDOFTRACE,[],,
98784247808,A10029,Create Fine,complete,3/22/2007,[8],,
98784247809,A10029,Payment,complete,4/10/2007,"[8, 2]",,
ENDOFTRACE,ENDOFTRACE,ENDOFTRACE,ENDOFTRACE,ENDOFTRACE,[],,
1.03E+11,A10030,Create Fine,complete,3/22/2007,[8],,
1.03E+11,A10030,Payment,complete,3/26/2007,"[8, 2]",,
ENDOFTRACE,ENDOFTRACE,ENDOFTRACE,ENDOFTRACE,ENDOFTRACE,[],,
1.07E+11,A10033,Create Fine,complete,3/23/2007,[8],,
1.07E+11,A10033,Send Fine,complete,8/2/2007,"[8, 9]",,
1.07E+11,A10033,Insert Fine Notification,complete,8/19/2007,"[8, 9, 0]",,
1.07E+11,A10033,Add penalty,complete,10/18/2007,"[8, 9, 0, 5]",,
1.07E+11,A10033,Payment,complete,9/13/2008,"[8, 9, 0, 5, 2]",,
ENDOFTRACE,ENDOFTRACE,ENDOFTRACE,ENDOFTRACE,ENDOFTRACE,[],,
1.12E+11,A10034,Create Fine,complete,3/23/2007,[8],,
1.12E+11,A10034,Send Fine,complete,8/2/2007,"[8, 9]",,
1.12E+11,A10034,Insert Fine Notification,complete,8/20/2007,"[8, 9, 0]",,
1.12E+11,A10034,Add penalty,complete,10/19/2007,"[8, 9, 0, 5]",,
1.12E+11,A10034,Send for Credit Collection,complete,3/30/2009,"[8, 9, 0, 5, 10]",,
ENDOFTRACE,ENDOFTRACE,ENDOFTRACE,ENDOFTRACE,ENDOFTRACE,[],,
1.16E+11,A10041,Create Fine,complete,3/24/2007,[8],,
1.16E+11,A10041,Send Fine,complete,8/2/2007,"[8, 9]",,
ENDOFTRACE,ENDOFTRACE,ENDOFTRACE,ENDOFTRACE,ENDOFTRACE,[],,
1.20E+11,A10042,Create Fine,complete,3/24/2007,[8],,
1.20E+11,A10042,Send Fine,complete,8/2/2007,"[8, 9]",,
1.20E+11,A10042,Insert Fine Notification,complete,8/9/2007,"[8, 9, 0]",,
1.20E+11,A10042,Add penalty,complete,10/8/2007,"[8, 9, 0, 5]",,
1.20E+11,A10042,Payment,complete,10/23/2007,"[8, 9, 0, 5, 2]",,
1.20E+11,A10042,Payment,complete,11/13/2007,"[8, 9, 0, 5, 2, 2]",,
ENDOFTRACE,ENDOFTRACE,ENDOFTRACE,ENDOFTRACE,ENDOFTRACE,[],,
1.25E+11,A10043,Create Fine,complete,3/24/2007,[8],,
1.25E+11,A10043,Send Fine,complete,8/2/2007,"[8, 9]",,
1.25E+11,A10043,Insert Fine Notification,complete,8/10/2007,"[8, 9, 0]",,
1.25E+11,A10043,Add penalty,complete,10/9/2007,"[8, 9, 0, 5]",,
1.25E+11,A10043,Payment,complete,10/10/2008,"[8, 9, 0, 5, 2]",,
ENDOFTRACE,ENDOFTRACE,ENDOFTRACE,ENDOFTRACE,ENDOFTRACE,[],,
1.29E+11,A10044,Create Fine,complete,3/24/2007,[8],,
1.29E+11,A10044,Send Fine,complete,8/2/2007,"[8, 9]",,
1.29E+11,A10044,Insert Fine Notification,complete,8/9/2007,"[8, 9, 0]",,
1.29E+11,A10044,Add penalty,complete,10/8/2007,"[8, 9, 0, 5]",,
1.29E+11,A10044,Send for Credit Collection,complete,3/30/2009,"[8, 9, 0, 5, 10]",,
ENDOFTRACE,ENDOFTRACE,ENDOFTRACE,ENDOFTRACE,ENDOFTRACE,[],,
1.33E+11,A10045,Create Fine,complete,3/24/2007,[8],,
1.33E+11,A10045,Send Fine,complete,8/2/2007,"[8, 9]",,
ENDOFTRACE,ENDOFTRACE,ENDOFTRACE,ENDOFTRACE,ENDOFTRACE,[],,
1.37E+11,A10046,Create Fine,complete,3/28/2007,[8],,
1.37E+11,A10046,Send Fine,complete,7/17/2007,"[8, 9]",,
1.37E+11,A10046,Insert Fine Notification,complete,8/5/2007,"[8, 9, 0]",,
1.37E+11,A10046,Add penalty,complete,10/4/2007,"[8, 9, 0, 5]",,
1.37E+11,A10046,Send for Credit Collection,complete,3/30/2009,"[8, 9, 0, 5, 10]",,
ENDOFTRACE,ENDOFTRACE,ENDOFTRACE,ENDOFTRACE,ENDOFTRACE,[],,
1.42E+11,A10047,Create Fine,complete,3/28/2007,[8],,
1.42E+11,A10047,Payment,complete,4/2/2007,"[8, 2]",,
ENDOFTRACE,ENDOFTRACE,ENDOFTRACE,ENDOFTRACE,ENDOFTRACE,[],,
1.46E+11,A10049,Create Fine,complete,3/28/2007,[8],,
1.46E+11,A10049,Payment,complete,3/30/2007,"[8, 2]",,
ENDOFTRACE,ENDOFTRACE,ENDOFTRACE,ENDOFTRACE,ENDOFTRACE,[],,
1.50E+11,A10050,Create Fine,complete,3/28/2007,[8],,
1.50E+11,A10050,Send Fine,complete,8/2/2007,"[8, 9]",,
1.50E+11,A10050,Insert Fine Notification,complete,8/28/2007,"[8, 9, 0]",,
1.50E+11,A10050,Add penalty,complete,10/27/2007,"[8, 9, 0, 5]",,
1.50E+11,A10050,Send for Credit Collection,complete,3/30/2009,"[8, 9, 0, 5, 10]",,
ENDOFTRACE,ENDOFTRACE,ENDOFTRACE,ENDOFTRACE,ENDOFTRACE,[],,
1.55E+11,A10054,Create Fine,complete,3/7/2007,[8],,
1.55E+11,A10054,Send Fine,complete,7/17/2007,"[8, 9]",,
ENDOFTRACE,ENDOFTRACE,ENDOFTRACE,ENDOFTRACE,ENDOFTRACE,[],,
1.59E+11,A10056,Create Fine,complete,3/7/2007,[8],,
1.59E+11,A10056,Payment,complete,3/17/2007,"[8, 2]",,
ENDOFTRACE,ENDOFTRACE,ENDOFTRACE,ENDOFTRACE,ENDOFTRACE,[],,
1.63E+11,A10059,Create Fine,complete,3/8/2007,[8],,
1.63E+11,A10059,Payment,complete,4/18/2007,"[8, 2]",,
ENDOFTRACE,ENDOFTRACE,ENDOFTRACE,ENDOFTRACE,ENDOFTRACE,[],,
1.68E+11,A1006,Create Fine,complete,8/8/2006,[8],,
1.68E+11,A1006,Payment,complete,9/12/2006,"[8, 2]",,
ENDOFTRACE,ENDOFTRACE,ENDOFTRACE,ENDOFTRACE,ENDOFTRACE,[],,
1.72E+11,A10060,Create Fine,complete,3/8/2007,[8],,
1.72E+11,A10060,Payment,complete,3/13/2007,"[8, 2]",,
ENDOFTRACE,ENDOFTRACE,ENDOFTRACE,ENDOFTRACE,ENDOFTRACE,[],,
1.76E+11,A10061,Create Fine,complete,3/8/2007,[8],,
1.76E+11,A10061,Send Fine,complete,7/17/2007,"[8, 9]",,
1.76E+11,A10061,Insert Fine Notification,complete,8/2/2007,"[8, 9, 0]",,
1.76E+11,A10061,Add penalty,complete,10/1/2007,"[8, 9, 0, 5]",,
1.76E+11,A10061,Payment,complete,9/25/2008,"[8, 9, 0, 5, 2]",,
ENDOFTRACE,ENDOFTRACE,ENDOFTRACE,ENDOFTRACE,ENDOFTRACE,[],,
1.80E+11,A10063,Create Fine,complete,3/8/2007,[8],,
1.80E+11,A10063,Send Fine,complete,7/17/2007,"[8, 9]",,
1.80E+11,A10063,Insert Fine Notification,complete,7/23/2007,"[8, 9, 0]",,
1.80E+11,A10063,Add penalty,complete,9/21/2007,"[8, 9, 0, 5]",,
1.80E+11,A10063,Send for Credit Collection,complete,3/30/2009,"[8, 9, 0, 5, 10]",,
ENDOFTRACE,ENDOFTRACE,ENDOFTRACE,ENDOFTRACE,ENDOFTRACE,[],,
1.85E+11,A10067,Create Fine,complete,3/9/2007,[8],,
1.85E+11,A10067,Send Fine,complete,7/17/2007,"[8, 9]",,
1.85E+11,A10067,Insert Fine Notification,complete,7/23/2007,"[8, 9, 0]",,
1.85E+11,A10067,Add penalty,complete,9/21/2007,"[8, 9, 0, 5]",,
1.85E+11,A10067,Send for Credit Collection,complete,3/30/2009,"[8, 9, 0, 5, 10]",,
ENDOFTRACE,ENDOFTRACE,ENDOFTRACE,ENDOFTRACE,ENDOFTRACE,[],,
1.89E+11,A10068,Create Fine,complete,3/9/2007,[8],,
1.89E+11,A10068,Send Fine,complete,7/17/2007,"[8, 9]",,
1.89E+11,A10068,Insert Fine Notification,complete,8/2/2007,"[8, 9, 0]",,
1.89E+11,A10068,Add penalty,complete,10/1/2007,"[8, 9, 0, 5]",,
1.89E+11,A10068,Send for Credit Collection,complete,3/30/2009,"[8, 9, 0, 5, 10]",,
ENDOFTRACE,ENDOFTRACE,ENDOFTRACE,ENDOFTRACE,ENDOFTRACE,[],,
1.93E+11,A10069,Create Fine,complete,3/9/2007,[8],,
1.93E+11,A10069,Send Fine,complete,7/17/2007,"[8, 9]",,
1.93E+11,A10069,Insert Fine Notification,complete,7/28/2007,"[8, 9, 0]",,
1.93E+11,A10069,Add penalty,complete,9/26/2007,"[8, 9, 0, 5]",,
1.93E+11,A10069,Payment,complete,9/30/2008,"[8, 9, 0, 5, 2]",,
ENDOFTRACE,ENDOFTRACE,ENDOFTRACE,ENDOFTRACE,ENDOFTRACE,[],,
1.98E+11,A1007,Create Fine,complete,8/28/2006,[8],,
1.98E+11,A1007,Send Fine,complete,12/15/2006,"[8, 9]",,
1.98E+11,A1007,Insert Fine Notification,complete,1/7/2007,"[8, 9, 0]",,
1.98E+11,A1007,Add penalty,complete,3/8/2007,"[8, 9, 0, 5]",,
1.98E+11,A1007,Payment,complete,11/30/2007,"[8, 9, 0, 5, 2]",,
ENDOFTRACE,ENDOFTRACE,ENDOFTRACE,ENDOFTRACE,ENDOFTRACE,[],,
2.02E+11,A10071,Create Fine,complete,3/9/2007,[8],,
2.02E+11,A10071,Send Fine,complete,7/17/2007,"[8, 9]",,
2.02E+11,A10071,Insert Fine Notification,complete,8/2/2007,"[8, 9, 0]",,
2.02E+11,A10071,Add penalty,complete,10/1/2007,"[8, 9, 0, 5]",,
2.02E+11,A10071,Send for Credit Collection,complete,3/30/2009,"[8, 9, 0, 5, 10]",,
ENDOFTRACE,ENDOFTRACE,ENDOFTRACE,ENDOFTRACE,ENDOFTRACE,[],,
2.06E+11,A10072,Create Fine,complete,3/10/2007,[8],,
2.06E+11,A10072,Send Fine,complete,7/17/2007,"[8, 9]",,
ENDOFTRACE,ENDOFTRACE,ENDOFTRACE,ENDOFTRACE,ENDOFTRACE,[],,
2.10E+11,A10074,Create Fine,complete,3/10/2007,[8],,
2.10E+11,A10074,Send Fine,complete,7/17/2007,"[8, 9]",,
ENDOFTRACE,ENDOFTRACE,ENDOFTRACE,ENDOFTRACE,ENDOFTRACE,[],,
2.15E+11,A10075,Create Fine,complete,3/11/2007,[8],,
2.15E+11,A10075,Send Fine,complete,7/17/2007,"[8, 9]",,
2.15E+11,A10075,Insert Fine Notification,complete,7/23/2007,"[8, 9, 0]",,
2.15E+11,A10075,Add penalty,complete,9/21/2007,"[8, 9, 0, 5]",,
2.15E+11,A10075,Send for Credit Collection,complete,3/30/2009,"[8, 9, 0, 5, 10]",,
ENDOFTRACE,ENDOFTRACE,ENDOFTRACE,ENDOFTRACE,ENDOFTRACE,[],,
2.19E+11,A10076,Create Fine,complete,3/11/2007,[8],,
2.19E+11,A10076,Payment,complete,3/12/2007,"[8, 2]",,
ENDOFTRACE,ENDOFTRACE,ENDOFTRACE,ENDOFTRACE,ENDOFTRACE,[],,
2.23E+11,A10077,Create Fine,complete,3/11/2007,[8],,
2.23E+11,A10077,Send Fine,complete,7/17/2007,"[8, 9]",,
ENDOFTRACE,ENDOFTRACE,ENDOFTRACE,ENDOFTRACE,ENDOFTRACE,[],,
2.28E+11,A10078,Create Fine,complete,3/11/2007,[8],,
2.28E+11,A10078,Payment,complete,3/21/2007,"[8, 2]",,
ENDOFTRACE,ENDOFTRACE,ENDOFTRACE,ENDOFTRACE,ENDOFTRACE,[],,
2.32E+11,A10079,Create Fine,complete,3/11/2007,[8],,
2.32E+11,A10079,Send Fine,complete,7/17/2007,"[8, 9]",,
2.32E+11,A10079,Insert Fine Notification,complete,7/24/2007,"[8, 9, 0]",,
2.32E+11,A10079,Add penalty,complete,9/22/2007,"[8, 9, 0, 5]",,
2.32E+11,A10079,Send for Credit Collection,complete,3/30/2009,"[8, 9, 0, 5, 10]",,
ENDOFTRACE,ENDOFTRACE,ENDOFTRACE,ENDOFTRACE,ENDOFTRACE,[],,
2.36E+11,A1008,Create Fine,complete,8/28/2006,[8],,
2.36E+11,A1008,Send Fine,complete,4/4/2007,"[8, 9]",,
ENDOFTRACE,ENDOFTRACE,ENDOFTRACE,ENDOFTRACE,ENDOFTRACE,[],,
2.41E+11,A10082,Payment,complete,3/11/2007,[2],,
2.41E+11,A10082,Create Fine,complete,3/11/2007,"[2, 8]",,
ENDOFTRACE,ENDOFTRACE,ENDOFTRACE,ENDOFTRACE,ENDOFTRACE,[],,
2.45E+11,A10083,Create Fine,complete,3/11/2007,[8],,
2.45E+11,A10083,Send Fine,complete,7/17/2007,"[8, 9]",,
2.45E+11,A10083,Insert Fine Notification,complete,8/2/2007,"[8, 9, 0]",,
2.45E+11,A10083,Add penalty,complete,10/1/2007,"[8, 9, 0, 5]",,
2.45E+11,A10083,Send for Credit Collection,complete,3/30/2009,"[8, 9, 0, 5, 10]",,
ENDOFTRACE,ENDOFTRACE,ENDOFTRACE,ENDOFTRACE,ENDOFTRACE,[],,
2.49E+11,A10085,Create Fine,complete,3/14/2007,[8],,
2.49E+11,A10085,Payment,complete,3/16/2007,"[8, 2]",,
ENDOFTRACE,ENDOFTRACE,ENDOFTRACE,ENDOFTRACE,ENDOFTRACE,[],,
2.53E+11,A10089,Create Fine,complete,3/11/2007,[8],,
2.53E+11,A10089,Payment,complete,3/12/2007,"[8, 2]",,
ENDOFTRACE,ENDOFTRACE,ENDOFTRACE,ENDOFTRACE,ENDOFTRACE,[],,
2.58E+11,A1009,Create Fine,complete,8/29/2006,[8],,
2.58E+11,A1009,Send Fine,complete,12/15/2006,"[8, 9]",,
2.58E+11,A1009,Insert Fine Notification,complete,1/1/2007,"[8, 9, 0]",,
2.58E+11,A1009,Add penalty,complete,3/2/2007,"[8, 9, 0, 5]",,
2.58E+11,A1009,Send for Credit Collection,complete,3/30/2009,"[8, 9, 0, 5, 10]",,
ENDOFTRACE,ENDOFTRACE,ENDOFTRACE,ENDOFTRACE,ENDOFTRACE,[],,
2.62E+11,A10090,Create Fine,complete,3/11/2007,[8],,
2.62E+11,A10090,Send Fine,complete,7/17/2007,"[8, 9]",,
2.62E+11,A10090,Insert Fine Notification,complete,7/23/2007,"[8, 9, 0]",,
2.62E+11,A10090,Add penalty,complete,9/21/2007,"[8, 9, 0, 5]",,
2.62E+11,A10090,Send for Credit Collection,complete,3/30/2009,"[8, 9, 0, 5, 10]",,
ENDOFTRACE,ENDOFTRACE,ENDOFTRACE,ENDOFTRACE,ENDOFTRACE,[],,
2.66E+11,A10091,Create Fine,complete,3/11/2007,[8],,
2.66E+11,A10091,Payment,complete,3/13/2007,"[8, 2]",,
ENDOFTRACE,ENDOFTRACE,ENDOFTRACE,ENDOFTRACE,ENDOFTRACE,[],,
2.71E+11,A10092,Payment,complete,3/11/2007,[2],,
2.71E+11,A10092,Create Fine,complete,3/11/2007,"[2, 8]",,
ENDOFTRACE,ENDOFTRACE,ENDOFTRACE,ENDOFTRACE,ENDOFTRACE,[],,
2.75E+11,A10095,Create Fine,complete,3/11/2007,[8],,
2.75E+11,A10095,Send Fine,complete,7/17/2007,"[8, 9]",,
2.75E+11,A10095,Insert Fine Notification,complete,7/23/2007,"[8, 9, 0]",,
2.75E+11,A10095,Add penalty,complete,9/21/2007,"[8, 9, 0, 5]",,
2.75E+11,A10095,Send for Credit Collection,complete,3/30/2009,"[8, 9, 0, 5, 10]",,
ENDOFTRACE,ENDOFTRACE,ENDOFTRACE,ENDOFTRACE,ENDOFTRACE,[],,
2.79E+11,A10097,Create Fine,complete,3/11/2007,[8],,
2.79E+11,A10097,Send Fine,complete,7/17/2007,"[8, 9]",,
2.79E+11,A10097,Insert Fine Notification,complete,7/23/2007,"[8, 9, 0]",,
2.79E+11,A10097,Add penalty,complete,9/21/2007,"[8, 9, 0, 5]",,
2.79E+11,A10097,Payment,complete,9/21/2007,"[8, 9, 0, 5, 2]",,
ENDOFTRACE,ENDOFTRACE,ENDOFTRACE,ENDOFTRACE,ENDOFTRACE,[],,
2.83E+11,A10099,Create Fine,complete,3/11/2007,[8],,
2.83E+11,A10099,Payment,complete,3/22/2007,"[8, 2]",,
ENDOFTRACE,ENDOFTRACE,ENDOFTRACE,ENDOFTRACE,ENDOFTRACE,[],,
2.88E+11,A101,Create Fine,complete,7/30/2006,[8],,
2.88E+11,A101,Send Fine,complete,12/12/2006,"[8, 9]",,
ENDOFTRACE,ENDOFTRACE,ENDOFTRACE,ENDOFTRACE,ENDOFTRACE,[],,
2.92E+11,A10101,Create Fine,complete,3/5/2007,[8],,
2.92E+11,A10101,Send Fine,complete,6/27/2007,"[8, 9]",,
2.92E+11,A10101,Insert Fine Notification,complete,7/6/2007,"[8, 9, 0]",,
2.92E+11,A10101,Add penalty,complete,9/4/2007,"[8, 9, 0, 5]",,
2.92E+11,A10101,Send for Credit Collection,complete,3/30/2009,"[8, 9, 0, 5, 10]",,
ENDOFTRACE,ENDOFTRACE,ENDOFTRACE,ENDOFTRACE,ENDOFTRACE,[],,
2.96E+11,A10102,Create Fine,complete,3/5/2007,[8],,
2.96E+11,A10102,Send Fine,complete,6/27/2007,"[8, 9]",,
2.96E+11,A10102,Insert Fine Notification,complete,7/7/2007,"[8, 9, 0]",,
2.96E+11,A10102,Add penalty,complete,9/5/2007,"[8, 9, 0, 5]",,
2.96E+11,A10102,Insert Date Appeal to Prefecture,complete,9/10/2007,"[8, 9, 0, 5, 7]",,
2.96E+11,A10102,Send Appeal to Prefecture,complete,10/25/2007,"[8, 9, 0, 5, 7, 6]",,
ENDOFTRACE,ENDOFTRACE,ENDOFTRACE,ENDOFTRACE,ENDOFTRACE,[],,
3.01E+11,A10104,Payment,complete,3/6/2007,[2],,
3.01E+11,A10104,Create Fine,complete,3/6/2007,"[2, 8]",,
ENDOFTRACE,ENDOFTRACE,ENDOFTRACE,ENDOFTRACE,ENDOFTRACE,[],,
3.05E+11,A10106,Create Fine,complete,3/6/2007,[8],,
3.05E+11,A10106,Send Fine,complete,7/17/2007,"[8, 9]",,
3.05E+11,A10106,Insert Fine Notification,complete,7/25/2007,"[8, 9, 0]",,
3.05E+11,A10106,Add penalty,complete,9/23/2007,"[8, 9, 0, 5]",,
3.05E+11,A10106,Send for Credit Collection,complete,3/30/2009,"[8, 9, 0, 5, 10]",,
ENDOFTRACE,ENDOFTRACE,ENDOFTRACE,ENDOFTRACE,ENDOFTRACE,[],,
3.09E+11,A10107,Create Fine,complete,3/6/2007,[8],,
3.09E+11,A10107,Send Fine,complete,7/17/2007,"[8, 9]",,
3.09E+11,A10107,Insert Fine Notification,complete,7/26/2007,"[8, 9, 0]",,
3.09E+11,A10107,Insert Date Appeal to Prefecture,complete,7/27/2007,"[8, 9, 0, 7]",,
3.09E+11,A10107,Send Appeal to Prefecture,complete,9/24/2007,"[8, 9, 0, 7, 6]",,
3.09E+11,A10107,Add penalty,complete,9/24/2007,"[8, 9, 0, 7, 6, 5]",,
ENDOFTRACE,ENDOFTRACE,ENDOFTRACE,ENDOFTRACE,ENDOFTRACE,[],,
3.14E+11,A10108,Create Fine,complete,3/6/2007,[8],,
3.14E+11,A10108,Payment,complete,3/23/2007,"[8, 2]",,
ENDOFTRACE,ENDOFTRACE,ENDOFTRACE,ENDOFTRACE,ENDOFTRACE,[],,
3.18E+11,A10109,Create Fine,complete,3/6/2007,[8],,
3.18E+11,A10109,Send Fine,complete,7/17/2007,"[8, 9]",,
ENDOFTRACE,ENDOFTRACE,ENDOFTRACE,ENDOFTRACE,ENDOFTRACE,[],,
3.22E+11,A10112,Create Fine,complete,3/6/2007,[8],,
3.22E+11,A10112,Payment,complete,3/15/2007,"[8, 2]",,
ENDOFTRACE,ENDOFTRACE,ENDOFTRACE,ENDOFTRACE,ENDOFTRACE,[],,
3.26E+11,A10113,Create Fine,complete,3/6/2007,[8],,
3.26E+11,A10113,Payment,complete,3/7/2007,"[8, 2]",,
ENDOFTRACE,ENDOFTRACE,ENDOFTRACE,ENDOFTRACE,ENDOFTRACE,[],,
3.31E+11,A10115,Create Fine,complete,3/7/2007,[8],,
3.31E+11,A10115,Send Fine,complete,7/17/2007,"[8, 9]",,
3.31E+11,A10115,Insert Fine Notification,complete,8/3/2007,"[8, 9, 0]",,
3.31E+11,A10115,Add penalty,complete,10/2/2007,"[8, 9, 0, 5]",,
3.31E+11,A10115,Send for Credit Collection,complete,3/30/2009,"[8, 9, 0, 5, 10]",,
ENDOFTRACE,ENDOFTRACE,ENDOFTRACE,ENDOFTRACE,ENDOFTRACE,[],,
3.35E+11,A10117,Create Fine,complete,3/7/2007,[8],,
3.35E+11,A10117,Send Fine,complete,7/17/2007,"[8, 9]",,
ENDOFTRACE,ENDOFTRACE,ENDOFTRACE,ENDOFTRACE,ENDOFTRACE,[],,
3.39E+11,A10118,Create Fine,complete,3/7/2007,[8],,
3.39E+11,A10118,Send Fine,complete,7/17/2007,"[8, 9]",,
ENDOFTRACE,ENDOFTRACE,ENDOFTRACE,ENDOFTRACE,ENDOFTRACE,[],,
3.44E+11,A10119,Create Fine,complete,3/7/2007,[8],,
3.44E+11,A10119,Send Fine,complete,7/17/2007,"[8, 9]",,
ENDOFTRACE,ENDOFTRACE,ENDOFTRACE,ENDOFTRACE,ENDOFTRACE,[],,
3.48E+11,A10120,Create Fine,complete,3/8/2007,[8],,
3.48E+11,A10120,Send Fine,complete,7/17/2007,"[8, 9]",,
3.48E+11,A10120,Insert Fine Notification,complete,7/23/2007,"[8, 9, 0]",,
3.48E+11,A10120,Add penalty,complete,9/21/2007,"[8, 9, 0, 5]",,
3.48E+11,A10120,Payment,complete,9/25/2007,"[8, 9, 0, 5, 2]",,
3.48E+11,A10120,Payment,complete,11/5/2007,"[8, 9, 0, 5, 2, 2]",,
ENDOFTRACE,ENDOFTRACE,ENDOFTRACE,ENDOFTRACE,ENDOFTRACE,[],,
3.52E+11,A10121,Create Fine,complete,3/8/2007,[8],,
3.52E+11,A10121,Send Fine,complete,7/17/2007,"[8, 9]",,
3.52E+11,A10121,Insert Fine Notification,complete,7/25/2007,"[8, 9, 0]",,
3.52E+11,A10121,Add penalty,complete,9/23/2007,"[8, 9, 0, 5]",,
3.52E+11,A10121,Send for Credit Collection,complete,3/30/2009,"[8, 9, 0, 5, 10]",,
ENDOFTRACE,ENDOFTRACE,ENDOFTRACE,ENDOFTRACE,ENDOFTRACE,[],,
3.56E+11,A10122,Create Fine,complete,3/9/2007,[8],,
3.56E+11,A10122,Send Fine,complete,7/17/2007,"[8, 9]",,
3.56E+11,A10122,Insert Fine Notification,complete,8/2/2007,"[8, 9, 0]",,
3.56E+11,A10122,Add penalty,complete,10/1/2007,"[8, 9, 0, 5]",,
3.56E+11,A10122,Payment,complete,9/25/2008,"[8, 9, 0, 5, 2]",,
ENDOFTRACE,ENDOFTRACE,ENDOFTRACE,ENDOFTRACE,ENDOFTRACE,[],,
3.61E+11,A10124,Create Fine,complete,3/10/2007,[8],,
3.61E+11,A10124,Payment,complete,3/13/2007,"[8, 2]",,
ENDOFTRACE,ENDOFTRACE,ENDOFTRACE,ENDOFTRACE,ENDOFTRACE,[],,
3.65E+11,A10125,Create Fine,complete,3/10/2007,[8],,
3.65E+11,A10125,Send Fine,complete,7/17/2007,"[8, 9]",,
3.65E+11,A10125,Insert Fine Notification,complete,7/26/2007,"[8, 9, 0]",,
3.65E+11,A10125,Insert Date Appeal to Prefecture,complete,8/1/2007,"[8, 9, 0, 7]",,
3.65E+11,A10125,Payment,complete,9/14/2007,"[8, 9, 0, 7, 2]",,
3.65E+11,A10125,Add penalty,complete,9/24/2007,"[8, 9, 0, 7, 2, 5]",,
3.65E+11,A10125,Send Appeal to Prefecture,complete,9/24/2007,"[8, 9, 0, 7, 2, 5, 6]",,
ENDOFTRACE,ENDOFTRACE,ENDOFTRACE,ENDOFTRACE,ENDOFTRACE,[],,
3.69E+11,A10126,Create Fine,complete,3/10/2007,[8],,
3.69E+11,A10126,Send Fine,complete,7/17/2007,"[8, 9]",,
3.69E+11,A10126,Insert Fine Notification,complete,8/5/2007,"[8, 9, 0]",,
3.69E+11,A10126,Add penalty,complete,10/4/2007,"[8, 9, 0, 5]",,
3.69E+11,A10126,Send for Credit Collection,complete,3/30/2009,"[8, 9, 0, 5, 10]",,
ENDOFTRACE,ENDOFTRACE,ENDOFTRACE,ENDOFTRACE,ENDOFTRACE,[],,
3.74E+11,A10127,Create Fine,complete,3/10/2007,[8],,
3.74E+11,A10127,Send Fine,complete,7/17/2007,"[8, 9]",,
3.74E+11,A10127,Insert Fine Notification,complete,8/5/2007,"[8, 9, 0]",,
3.74E+11,A10127,Add penalty,complete,10/4/2007,"[8, 9, 0, 5]",,
3.74E+11,A10127,Send for Credit Collection,complete,3/30/2009,"[8, 9, 0, 5, 10]",,
ENDOFTRACE,ENDOFTRACE,ENDOFTRACE,ENDOFTRACE,ENDOFTRACE,[],,
3.78E+11,A1013,Create Fine,complete,9/7/2006,[8],,
3.78E+11,A1013,Send Fine,complete,12/15/2006,"[8, 9]",,
3.78E+11,A1013,Insert Fine Notification,complete,1/6/2007,"[8, 9, 0]",,
3.78E+11,A1013,Add penalty,complete,3/7/2007,"[8, 9, 0, 5]",,
3.78E+11,A1013,Send for Credit Collection,complete,3/30/2009,"[8, 9, 0, 5, 10]",,
ENDOFTRACE,ENDOFTRACE,ENDOFTRACE,ENDOFTRACE,ENDOFTRACE,[],,
3.82E+11,A10130,Create Fine,complete,3/10/2007,[8],,
3.82E+11,A10130,Send Fine,complete,7/17/2007,"[8, 9]",,
3.82E+11,A10130,Insert Fine Notification,complete,7/25/2007,"[8, 9, 0]",,
3.82E+11,A10130,Add penalty,complete,9/23/2007,"[8, 9, 0, 5]",,
3.82E+11,A10130,Payment,complete,10/31/2008,"[8, 9, 0, 5, 2]",,
ENDOFTRACE,ENDOFTRACE,ENDOFTRACE,ENDOFTRACE,ENDOFTRACE,[],,
3.87E+11,A10131,Create Fine,complete,3/10/2007,[8],,
3.87E+11,A10131,Send Fine,complete,7/17/2007,"[8, 9]",,
3.87E+11,A10131,Insert Fine Notification,complete,7/23/2007,"[8, 9, 0]",,
3.87E+11,A10131,Add penalty,complete,9/21/2007,"[8, 9, 0, 5]",,
3.87E+11,A10131,Send for Credit Collection,complete,3/30/2009,"[8, 9, 0, 5, 10]",,
ENDOFTRACE,ENDOFTRACE,ENDOFTRACE,ENDOFTRACE,ENDOFTRACE,[],,
3.91E+11,A10137,Payment,complete,3/12/2007,[2],,
3.91E+11,A10137,Create Fine,complete,3/12/2007,"[2, 8]",,
ENDOFTRACE,ENDOFTRACE,ENDOFTRACE,ENDOFTRACE,ENDOFTRACE,[],,
3.95E+11,A10138,Create Fine,complete,3/12/2007,[8],,
3.95E+11,A10138,Send Fine,complete,7/17/2007,"[8, 9]",,
3.95E+11,A10138,Insert Fine Notification,complete,7/26/2007,"[8, 9, 0]",,
3.95E+11,A10138,Add penalty,complete,9/24/2007,"[8, 9, 0, 5]",,
3.95E+11,A10138,Send for Credit Collection,complete,3/30/2009,"[8, 9, 0, 5, 10]",,
ENDOFTRACE,ENDOFTRACE,ENDOFTRACE,ENDOFTRACE,ENDOFTRACE,[],,
3.99E+11,A10139,Create Fine,complete,3/12/2007,[8],,
3.99E+11,A10139,Send Fine,complete,8/2/2007,"[8, 9]",,
3.99E+11,A10139,Insert Fine Notification,complete,8/9/2007,"[8, 9, 0]",,
3.99E+11,A10139,Add penalty,complete,10/8/2007,"[8, 9, 0, 5]",,
3.99E+11,A10139,Send for Credit Collection,complete,3/30/2009,"[8, 9, 0, 5, 10]",,
ENDOFTRACE,ENDOFTRACE,ENDOFTRACE,ENDOFTRACE,ENDOFTRACE,[],,
4.04E+11,A1014,Create Fine,complete,9/8/2006,[8],,
4.04E+11,A1014,Send Fine,complete,12/29/2006,"[8, 9]",,
4.04E+11,A1014,Insert Fine Notification,complete,1/19/2007,"[8, 9, 0]",,
4.04E+11,A1014,Add penalty,complete,3/20/2007,"[8, 9, 0, 5]",,
4.04E+11,A1014,Send for Credit Collection,complete,3/30/2009,"[8, 9, 0, 5, 10]",,
ENDOFTRACE,ENDOFTRACE,ENDOFTRACE,ENDOFTRACE,ENDOFTRACE,[],,
4.08E+11,A10140,Create Fine,complete,3/12/2007,[8],,
4.08E+11,A10140,Send Fine,complete,7/17/2007,"[8, 9]",,
4.08E+11,A10140,Insert Fine Notification,complete,7/24/2007,"[8, 9, 0]",,
4.08E+11,A10140,Add penalty,complete,9/22/2007,"[8, 9, 0, 5]",,
4.08E+11,A10140,Send for Credit Collection,complete,3/30/2009,"[8, 9, 0, 5, 10]",,
ENDOFTRACE,ENDOFTRACE,ENDOFTRACE,ENDOFTRACE,ENDOFTRACE,[],,
4.12E+11,A10141,Create Fine,complete,3/12/2007,[8],,
4.12E+11,A10141,Send Fine,complete,7/17/2007,"[8, 9]",,
4.12E+11,A10141,Insert Fine Notification,complete,7/26/2007,"[8, 9, 0]",,
4.12E+11,A10141,Add penalty,complete,9/24/2007,"[8, 9, 0, 5]",,
4.12E+11,A10141,Send for Credit Collection,complete,3/30/2009,"[8, 9, 0, 5, 10]",,
ENDOFTRACE,ENDOFTRACE,ENDOFTRACE,ENDOFTRACE,ENDOFTRACE,[],,
4.17E+11,A10143,Create Fine,complete,3/12/2007,[8],,
4.17E+11,A10143,Payment,complete,3/12/2007,"[8, 2]",,
ENDOFTRACE,ENDOFTRACE,ENDOFTRACE,ENDOFTRACE,ENDOFTRACE,[],,
4.21E+11,A10144,Create Fine,complete,3/12/2007,[8],,
4.21E+11,A10144,Payment,complete,3/17/2007,"[8, 2]",,
ENDOFTRACE,ENDOFTRACE,ENDOFTRACE,ENDOFTRACE,ENDOFTRACE,[],,
4.25E+11,A10147,Create Fine,complete,3/13/2007,[8],,
4.25E+11,A10147,Send Fine,complete,7/17/2007,"[8, 9]",,
4.25E+11,A10147,Insert Fine Notification,complete,7/23/2007,"[8, 9, 0]",,
4.25E+11,A10147,Add penalty,complete,9/21/2007,"[8, 9, 0, 5]",,
4.25E+11,A10147,Send for Credit Collection,complete,3/30/2009,"[8, 9, 0, 5, 10]",,
ENDOFTRACE,ENDOFTRACE,ENDOFTRACE,ENDOFTRACE,ENDOFTRACE,[],,
4.29E+11,A10150,Create Fine,complete,3/15/2007,[8],,
4.29E+11,A10150,Payment,complete,3/19/2007,"[8, 2]",,
ENDOFTRACE,ENDOFTRACE,ENDOFTRACE,ENDOFTRACE,ENDOFTRACE,[],,
4.34E+11,A10151,Create Fine,complete,3/6/2007,[8],,
4.34E+11,A10151,Send Fine,complete,7/17/2007,"[8, 9]",,
4.34E+11,A10151,Insert Fine Notification,complete,8/4/2007,"[8, 9, 0]",,
4.34E+11,A10151,Add penalty,complete,10/3/2007,"[8, 9, 0, 5]",,
4.34E+11,A10151,Send for Credit Collection,complete,3/30/2009,"[8, 9, 0, 5, 10]",,
ENDOFTRACE,ENDOFTRACE,ENDOFTRACE,ENDOFTRACE,ENDOFTRACE,[],,
4.38E+11,A10152,Create Fine,complete,3/6/2007,[8],,
4.38E+11,A10152,Send Fine,complete,7/17/2007,"[8, 9]",,
4.38E+11,A10152,Insert Fine Notification,complete,7/25/2007,"[8, 9, 0]",,
4.38E+11,A10152,Add penalty,complete,9/23/2007,"[8, 9, 0, 5]",,
4.38E+11,A10152,Send for Credit Collection,complete,3/30/2009,"[8, 9, 0, 5, 10]",,
ENDOFTRACE,ENDOFTRACE,ENDOFTRACE,ENDOFTRACE,ENDOFTRACE,[],,
4.42E+11,A10153,Create Fine,complete,3/6/2007,[8],,
4.42E+11,A10153,Send Fine,complete,7/17/2007,"[8, 9]",,
4.42E+11,A10153,Insert Fine Notification,complete,7/23/2007,"[8, 9, 0]",,
4.42E+11,A10153,Add penalty,complete,9/21/2007,"[8, 9, 0, 5]",,
4.42E+11,A10153,Send for Credit Collection,complete,3/30/2009,"[8, 9, 0, 5, 10]",,
ENDOFTRACE,ENDOFTRACE,ENDOFTRACE,ENDOFTRACE,ENDOFTRACE,[],,
4.47E+11,A10154,Create Fine,complete,3/6/2007,[8],,
4.47E+11,A10154,Send Fine,complete,7/17/2007,"[8, 9]",,
4.47E+11,A10154,Insert Fine Notification,complete,7/23/2007,"[8, 9, 0]",,
4.47E+11,A10154,Add penalty,complete,9/21/2007,"[8, 9, 0, 5]",,
4.47E+11,A10154,Send for Credit Collection,complete,3/30/2009,"[8, 9, 0, 5, 10]",,
ENDOFTRACE,ENDOFTRACE,ENDOFTRACE,ENDOFTRACE,ENDOFTRACE,[],,
4.51E+11,A10156,Create Fine,complete,3/6/2007,[8],,
4.51E+11,A10156,Payment,complete,3/7/2007,"[8, 2]",,
ENDOFTRACE,ENDOFTRACE,ENDOFTRACE,ENDOFTRACE,ENDOFTRACE,[],,
4.55E+11,A10157,Create Fine,complete,3/6/2007,[8],,
4.55E+11,A10157,Payment,complete,4/13/2007,"[8, 2]",,
ENDOFTRACE,ENDOFTRACE,ENDOFTRACE,ENDOFTRACE,ENDOFTRACE,[],,
4.60E+11,A10158,Create Fine,complete,3/6/2007,[8],,
4.60E+11,A10158,Payment,complete,3/7/2007,"[8, 2]",,
ENDOFTRACE,ENDOFTRACE,ENDOFTRACE,ENDOFTRACE,ENDOFTRACE,[],,
4.64E+11,A10159,Create Fine,complete,3/6/2007,[8],,
4.64E+11,A10159,Payment,complete,3/7/2007,"[8, 2]",,
ENDOFTRACE,ENDOFTRACE,ENDOFTRACE,ENDOFTRACE,ENDOFTRACE,[],,
4.68E+11,A1016,Create Fine,complete,9/11/2006,[8],,
4.68E+11,A1016,Send Fine,complete,12/29/2006,"[8, 9]",,
ENDOFTRACE,ENDOFTRACE,ENDOFTRACE,ENDOFTRACE,ENDOFTRACE,[],,
4.72E+11,A10161,Create Fine,complete,3/8/2007,[8],,
4.72E+11,A10161,Send Fine,complete,7/17/2007,"[8, 9]",,
4.72E+11,A10161,Insert Fine Notification,complete,7/23/2007,"[8, 9, 0]",,
4.72E+11,A10161,Add penalty,complete,9/21/2007,"[8, 9, 0, 5]",,
4.72E+11,A10161,Payment,complete,10/15/2008,"[8, 9, 0, 5, 2]",,
ENDOFTRACE,ENDOFTRACE,ENDOFTRACE,ENDOFTRACE,ENDOFTRACE,[],,
4.77E+11,A10162,Create Fine,complete,3/8/2007,[8],,
4.77E+11,A10162,Payment,complete,3/12/2007,"[8, 2]",,
ENDOFTRACE,ENDOFTRACE,ENDOFTRACE,ENDOFTRACE,ENDOFTRACE,[],,
4.81E+11,A10163,Create Fine,complete,3/8/2007,[8],,
4.81E+11,A10163,Send Fine,complete,7/17/2007,"[8, 9]",,
ENDOFTRACE,ENDOFTRACE,ENDOFTRACE,ENDOFTRACE,ENDOFTRACE,[],,
4.85E+11,A10164,Create Fine,complete,3/8/2007,[8],,
4.85E+11,A10164,Send Fine,complete,7/17/2007,"[8, 9]",,
4.85E+11,A10164,Insert Fine Notification,complete,8/13/2007,"[8, 9, 0]",,
4.85E+11,A10164,Add penalty,complete,10/12/2007,"[8, 9, 0, 5]",,
4.85E+11,A10164,Send for Credit Collection,complete,3/30/2009,"[8, 9, 0, 5, 10]",,
ENDOFTRACE,ENDOFTRACE,ENDOFTRACE,ENDOFTRACE,ENDOFTRACE,[],,
4.90E+11,A10165,Create Fine,complete,3/9/2007,[8],,
4.90E+11,A10165,Send Fine,complete,7/17/2007,"[8, 9]",,
4.90E+11,A10165,Insert Fine Notification,complete,8/2/2007,"[8, 9, 0]",,
4.90E+11,A10165,Add penalty,complete,10/1/2007,"[8, 9, 0, 5]",,
4.90E+11,A10165,Payment,complete,1/21/2008,"[8, 9, 0, 5, 2]",,
4.90E+11,A10165,Payment,complete,10/15/2008,"[8, 9, 0, 5, 2, 2]",,
ENDOFTRACE,ENDOFTRACE,ENDOFTRACE,ENDOFTRACE,ENDOFTRACE,[],,
4.94E+11,A10168,Create Fine,complete,3/9/2007,[8],,
4.94E+11,A10168,Send Fine,complete,7/17/2007,"[8, 9]",,
4.94E+11,A10168,Insert Fine Notification,complete,7/25/2007,"[8, 9, 0]",,
4.94E+11,A10168,Add penalty,complete,9/23/2007,"[8, 9, 0, 5]",,
4.94E+11,A10168,Send for Credit Collection,complete,3/30/2009,"[8, 9, 0, 5, 10]",,
ENDOFTRACE,ENDOFTRACE,ENDOFTRACE,ENDOFTRACE,ENDOFTRACE,[],,
4.98E+11,A1017,Create Fine,complete,9/11/2006,[8],,
4.98E+11,A1017,Send Fine,complete,12/29/2006,"[8, 9]",,
4.98E+11,A1017,Insert Fine Notification,complete,1/9/2007,"[8, 9, 0]",,
4.98E+11,A1017,Add penalty,complete,3/10/2007,"[8, 9, 0, 5]",,
4.98E+11,A1017,Payment,complete,4/5/2007,"[8, 9, 0, 5, 2]",,
4.98E+11,A1017,Send for Credit Collection,complete,3/30/2009,"[8, 9, 0, 5, 2, 10]",,
ENDOFTRACE,ENDOFTRACE,ENDOFTRACE,ENDOFTRACE,ENDOFTRACE,[],,
5.03E+11,A10171,Create Fine,complete,3/10/2007,[8],,
5.03E+11,A10171,Send Fine,complete,7/17/2007,"[8, 9]",,
5.03E+11,A10171,Insert Fine Notification,complete,8/2/2007,"[8, 9, 0]",,
5.03E+11,A10171,Add penalty,complete,10/1/2007,"[8, 9, 0, 5]",,
5.03E+11,A10171,Send for Credit Collection,complete,3/30/2009,"[8, 9, 0, 5, 10]",,
ENDOFTRACE,ENDOFTRACE,ENDOFTRACE,ENDOFTRACE,ENDOFTRACE,[],,
5.07E+11,A10174,Create Fine,complete,3/10/2007,[8],,
5.07E+11,A10174,Send Fine,complete,7/17/2007,"[8, 9]",,
ENDOFTRACE,ENDOFTRACE,ENDOFTRACE,ENDOFTRACE,ENDOFTRACE,[],,
5.11E+11,A10175,Create Fine,complete,3/10/2007,[8],,
5.11E+11,A10175,Payment,complete,3/12/2007,"[8, 2]",,
ENDOFTRACE,ENDOFTRACE,ENDOFTRACE,ENDOFTRACE,ENDOFTRACE,[],,
5.15E+11,A10177,Create Fine,complete,3/10/2007,[8],,
5.15E+11,A10177,Send Fine,complete,7/17/2007,"[8, 9]",,
ENDOFTRACE,ENDOFTRACE,ENDOFTRACE,ENDOFTRACE,ENDOFTRACE,[],,
5.20E+11,A10178,Create Fine,complete,3/11/2007,[8],,
5.20E+11,A10178,Send Fine,complete,7/17/2007,"[8, 9]",,
ENDOFTRACE,ENDOFTRACE,ENDOFTRACE,ENDOFTRACE,ENDOFTRACE,[],,
5.24E+11,A10180,Create Fine,complete,3/11/2007,[8],,
5.24E+11,A10180,Send Fine,complete,7/17/2007,"[8, 9]",,
5.24E+11,A10180,Insert Fine Notification,complete,7/30/2007,"[8, 9, 0]",,
5.24E+11,A10180,Add penalty,complete,9/28/2007,"[8, 9, 0, 5]",,
5.24E+11,A10180,Send for Credit Collection,complete,3/30/2009,"[8, 9, 0, 5, 10]",,
ENDOFTRACE,ENDOFTRACE,ENDOFTRACE,ENDOFTRACE,ENDOFTRACE,[],,
5.28E+11,A10181,Create Fine,complete,3/11/2007,[8],,
5.28E+11,A10181,Payment,complete,3/14/2007,"[8, 2]",,
ENDOFTRACE,ENDOFTRACE,ENDOFTRACE,ENDOFTRACE,ENDOFTRACE,[],,
5.33E+11,A10184,Create Fine,complete,3/12/2007,[8],,
5.33E+11,A10184,Send Fine,complete,9/29/2007,"[8, 9]",,
ENDOFTRACE,ENDOFTRACE,ENDOFTRACE,ENDOFTRACE,ENDOFTRACE,[],,
5.37E+11,A10185,Create Fine,complete,3/12/2007,[8],,
5.37E+11,A10185,Send Fine,complete,7/17/2007,"[8, 9]",,
ENDOFTRACE,ENDOFTRACE,ENDOFTRACE,ENDOFTRACE,ENDOFTRACE,[],,
5.41E+11,A10186,Create Fine,complete,3/12/2007,[8],,
5.41E+11,A10186,Payment,complete,3/16/2007,"[8, 2]",,
ENDOFTRACE,ENDOFTRACE,ENDOFTRACE,ENDOFTRACE,ENDOFTRACE,[],,
5.45E+11,A10187,Create Fine,complete,3/12/2007,[8],,
5.45E+11,A10187,Send Fine,complete,8/20/2007,"[8, 9]",,
ENDOFTRACE,ENDOFTRACE,ENDOFTRACE,ENDOFTRACE,ENDOFTRACE,[],,
5.50E+11,A10188,Create Fine,complete,3/13/2007,[8],,
5.50E+11,A10188,Send Fine,complete,7/17/2007,"[8, 9]",,
ENDOFTRACE,ENDOFTRACE,ENDOFTRACE,ENDOFTRACE,ENDOFTRACE,[],,
5.54E+11,A10189,Create Fine,complete,3/13/2007,[8],,
5.54E+11,A10189,Payment,complete,3/29/2007,"[8, 2]",,
ENDOFTRACE,ENDOFTRACE,ENDOFTRACE,ENDOFTRACE,ENDOFTRACE,[],,
5.58E+11,A10192,Create Fine,complete,3/13/2007,[8],,
5.58E+11,A10192,Send Fine,complete,7/17/2007,"[8, 9]",,
5.58E+11,A10192,Insert Fine Notification,complete,7/23/2007,"[8, 9, 0]",,
5.58E+11,A10192,Add penalty,complete,9/21/2007,"[8, 9, 0, 5]",,
5.58E+11,A10192,Send for Credit Collection,complete,3/30/2009,"[8, 9, 0, 5, 10]",,
ENDOFTRACE,ENDOFTRACE,ENDOFTRACE,ENDOFTRACE,ENDOFTRACE,[],,
5.63E+11,A10193,Create Fine,complete,3/13/2007,[8],,
5.63E+11,A10193,Send Fine,complete,7/17/2007,"[8, 9]",,
5.63E+11,A10193,Insert Fine Notification,complete,7/25/2007,"[8, 9, 0]",,
5.63E+11,A10193,Add penalty,complete,9/23/2007,"[8, 9, 0, 5]",,
5.63E+11,A10193,Send for Credit Collection,complete,3/30/2009,"[8, 9, 0, 5, 10]",,
ENDOFTRACE,ENDOFTRACE,ENDOFTRACE,ENDOFTRACE,ENDOFTRACE,[],,
5.67E+11,A10194,Payment,complete,3/13/2007,[2],,
5.67E+11,A10194,Create Fine,complete,3/13/2007,"[2, 8]",,
ENDOFTRACE,ENDOFTRACE,ENDOFTRACE,ENDOFTRACE,ENDOFTRACE,[],,
5.71E+11,A10195,Create Fine,complete,3/13/2007,[8],,
5.71E+11,A10195,Payment,complete,3/19/2007,"[8, 2]",,
ENDOFTRACE,ENDOFTRACE,ENDOFTRACE,ENDOFTRACE,ENDOFTRACE,[],,
5.76E+11,A10196,Create Fine,complete,3/13/2007,[8],,
5.76E+11,A10196,Send Fine,complete,7/17/2007,"[8, 9]",,
5.76E+11,A10196,Insert Fine Notification,complete,8/5/2007,"[8, 9, 0]",,
5.76E+11,A10196,Add penalty,complete,10/4/2007,"[8, 9, 0, 5]",,
5.76E+11,A10196,Send for Credit Collection,complete,3/30/2009,"[8, 9, 0, 5, 10]",,
ENDOFTRACE,ENDOFTRACE,ENDOFTRACE,ENDOFTRACE,ENDOFTRACE,[],,
5.80E+11,A102,Create Fine,complete,7/30/2006,[8],,
5.80E+11,A102,Send Fine,complete,12/12/2006,"[8, 9]",,
5.80E+11,A102,Insert Fine Notification,complete,1/3/2007,"[8, 9, 0]",,
5.80E+11,A102,Add penalty,complete,3/4/2007,"[8, 9, 0, 5]",,
5.80E+11,A102,Send for Credit Collection,complete,3/30/2009,"[8, 9, 0, 5, 10]",,
ENDOFTRACE,ENDOFTRACE,ENDOFTRACE,ENDOFTRACE,ENDOFTRACE,[],,
5.84E+11,A10203,Create Fine,complete,3/5/2007,[8],,
5.84E+11,A10203,Send Fine,complete,6/27/2007,"[8, 9]",,
5.84E+11,A10203,Insert Fine Notification,complete,7/6/2007,"[8, 9, 0]",,
5.84E+11,A10203,Add penalty,complete,9/4/2007,"[8, 9, 0, 5]",,
5.84E+11,A10203,Payment,complete,2/19/2008,"[8, 9, 0, 5, 2]",,
5.84E+11,A10203,Payment,complete,4/11/2008,"[8, 9, 0, 5, 2, 2]",,
ENDOFTRACE,ENDOFTRACE,ENDOFTRACE,ENDOFTRACE,ENDOFTRACE,[],,
5.88E+11,A10205,Create Fine,complete,3/8/2007,[8],,
5.88E+11,A10205,Send Fine,complete,8/2/2007,"[8, 9]",,
5.88E+11,A10205,Insert Fine Notification,complete,8/9/2007,"[8, 9, 0]",,
5.88E+11,A10205,Add penalty,complete,10/8/2007,"[8, 9, 0, 5]",,
5.88E+11,A10205,Send for Credit Collection,complete,3/30/2009,"[8, 9, 0, 5, 10]",,
ENDOFTRACE,ENDOFTRACE,ENDOFTRACE,ENDOFTRACE,ENDOFTRACE,[],,
5.93E+11,A10206,Create Fine,complete,3/8/2007,[8],,
5.93E+11,A10206,Payment,complete,3/14/2007,"[8, 2]",,
ENDOFTRACE,ENDOFTRACE,ENDOFTRACE,ENDOFTRACE,ENDOFTRACE,[],,
5.97E+11,A10211,Create Fine,complete,3/9/2007,[8],,
5.97E+11,A10211,Send Fine,complete,7/17/2007,"[8, 9]",,
5.97E+11,A10211,Insert Fine Notification,complete,8/3/2007,"[8, 9, 0]",,
5.97E+11,A10211,Add penalty,complete,10/2/2007,"[8, 9, 0, 5]",,
5.97E+11,A10211,Send for Credit Collection,complete,3/30/2009,"[8, 9, 0, 5, 10]",,
ENDOFTRACE,ENDOFTRACE,ENDOFTRACE,ENDOFTRACE,ENDOFTRACE,[],,
6.01E+11,A10212,Create Fine,complete,3/9/2007,[8],,
6.01E+11,A10212,Send Fine,complete,7/17/2007,"[8, 9]",,
6.01E+11,A10212,Insert Fine Notification,complete,7/23/2007,"[8, 9, 0]",,
6.01E+11,A10212,Add penalty,complete,9/21/2007,"[8, 9, 0, 5]",,
6.01E+11,A10212,Send for Credit Collection,complete,3/30/2009,"[8, 9, 0, 5, 10]",,
ENDOFTRACE,ENDOFTRACE,ENDOFTRACE,ENDOFTRACE,ENDOFTRACE,[],,
6.06E+11,A10213,Create Fine,complete,3/9/2007,[8],,
6.06E+11,A10213,Send Fine,complete,7/17/2007,"[8, 9]",,
6.06E+11,A10213,Insert Fine Notification,complete,8/2/2007,"[8, 9, 0]",,
6.06E+11,A10213,Add penalty,complete,10/1/2007,"[8, 9, 0, 5]",,
6.06E+11,A10213,Send for Credit Collection,complete,3/30/2009,"[8, 9, 0, 5, 10]",,
ENDOFTRACE,ENDOFTRACE,ENDOFTRACE,ENDOFTRACE,ENDOFTRACE,[],,
6.10E+11,A10215,Create Fine,complete,3/9/2007,[8],,
6.10E+11,A10215,Payment,complete,3/12/2007,"[8, 2]",,
ENDOFTRACE,ENDOFTRACE,ENDOFTRACE,ENDOFTRACE,ENDOFTRACE,[],,
6.14E+11,A10216,Create Fine,complete,3/9/2007,[8],,
6.14E+11,A10216,Send Fine,complete,7/17/2007,"[8, 9]",,
6.14E+11,A10216,Insert Fine Notification,complete,8/4/2007,"[8, 9, 0]",,
6.14E+11,A10216,Add penalty,complete,10/3/2007,"[8, 9, 0, 5]",,
6.14E+11,A10216,Send for Credit Collection,complete,3/30/2009,"[8, 9, 0, 5, 10]",,
ENDOFTRACE,ENDOFTRACE,ENDOFTRACE,ENDOFTRACE,ENDOFTRACE,[],,
6.18E+11,A10218,Create Fine,complete,3/9/2007,[8],,
6.18E+11,A10218,Send Fine,complete,7/17/2007,"[8, 9]",,
6.18E+11,A10218,Insert Fine Notification,complete,7/27/2007,"[8, 9, 0]",,
6.18E+11,A10218,Add penalty,complete,9/25/2007,"[8, 9, 0, 5]",,
6.18E+11,A10218,Send for Credit Collection,complete,3/30/2009,"[8, 9, 0, 5, 10]",,
ENDOFTRACE,ENDOFTRACE,ENDOFTRACE,ENDOFTRACE,ENDOFTRACE,[],,
6.23E+11,A10220,Create Fine,complete,3/9/2007,[8],,
6.23E+11,A10220,Send Fine,complete,7/17/2007,"[8, 9]",,
ENDOFTRACE,ENDOFTRACE,ENDOFTRACE,ENDOFTRACE,ENDOFTRACE,[],,
6.27E+11,A10221,Create Fine,complete,3/9/2007,[8],,
6.27E+11,A10221,Payment,complete,4/19/2007,"[8, 2]",,
ENDOFTRACE,ENDOFTRACE,ENDOFTRACE,ENDOFTRACE,ENDOFTRACE,[],,
6.31E+11,A10223,Create Fine,complete,3/10/2007,[8],,
6.31E+11,A10223,Send Fine,complete,7/17/2007,"[8, 9]",,
6.31E+11,A10223,Insert Fine Notification,complete,8/3/2007,"[8, 9, 0]",,
6.31E+11,A10223,Add penalty,complete,10/2/2007,"[8, 9, 0, 5]",,
6.31E+11,A10223,Send for Credit Collection,complete,3/30/2009,"[8, 9, 0, 5, 10]",,
ENDOFTRACE,ENDOFTRACE,ENDOFTRACE,ENDOFTRACE,ENDOFTRACE,[],,
6.36E+11,A10224,Create Fine,complete,3/10/2007,[8],,
6.36E+11,A10224,Send Fine,complete,7/17/2007,"[8, 9]",,
6.36E+11,A10224,Insert Fine Notification,complete,7/25/2007,"[8, 9, 0]",,
6.36E+11,A10224,Add penalty,complete,9/23/2007,"[8, 9, 0, 5]",,
6.36E+11,A10224,Send for Credit Collection,complete,3/30/2009,"[8, 9, 0, 5, 10]",,
ENDOFTRACE,ENDOFTRACE,ENDOFTRACE,ENDOFTRACE,ENDOFTRACE,[],,
6.40E+11,A10226,Create Fine,complete,3/11/2007,[8],,
6.40E+11,A10226,Send Fine,complete,7/17/2007,"[8, 9]",,
ENDOFTRACE,ENDOFTRACE,ENDOFTRACE,ENDOFTRACE,ENDOFTRACE,[],,
6.44E+11,A10228,Create Fine,complete,3/11/2007,[8],,
6.44E+11,A10228,Send Fine,complete,7/17/2007,"[8, 9]",,
ENDOFTRACE,ENDOFTRACE,ENDOFTRACE,ENDOFTRACE,ENDOFTRACE,[],,
6.49E+11,A10229,Create Fine,complete,3/11/2007,[8],,
6.49E+11,A10229,Payment,complete,3/14/2007,"[8, 2]",,
ENDOFTRACE,ENDOFTRACE,ENDOFTRACE,ENDOFTRACE,ENDOFTRACE,[],,
6.53E+11,A10230,Create Fine,complete,3/11/2007,[8],,
6.53E+11,A10230,Payment,complete,3/19/2007,"[8, 2]",,
ENDOFTRACE,ENDOFTRACE,ENDOFTRACE,ENDOFTRACE,ENDOFTRACE,[],,
6.57E+11,A10231,Create Fine,complete,3/11/2007,[8],,
6.57E+11,A10231,Send Fine,complete,7/17/2007,"[8, 9]",,
ENDOFTRACE,ENDOFTRACE,ENDOFTRACE,ENDOFTRACE,ENDOFTRACE,[],,
6.61E+11,A10234,Create Fine,complete,3/11/2007,[8],,
6.61E+11,A10234,Payment,complete,3/13/2007,"[8, 2]",,
ENDOFTRACE,ENDOFTRACE,ENDOFTRACE,ENDOFTRACE,ENDOFTRACE,[],,
6.66E+11,A10235,Create Fine,complete,3/11/2007,[8],,
6.66E+11,A10235,Payment,complete,3/11/2007,"[8, 2]",,
ENDOFTRACE,ENDOFTRACE,ENDOFTRACE,ENDOFTRACE,ENDOFTRACE,[],,
6.70E+11,A10236,Create Fine,complete,3/11/2007,[8],,
6.70E+11,A10236,Send Fine,complete,7/17/2007,"[8, 9]",,
6.70E+11,A10236,Insert Fine Notification,complete,7/30/2007,"[8, 9, 0]",,
6.70E+11,A10236,Insert Date Appeal to Prefecture,complete,8/9/2007,"[8, 9, 0, 7]",,
6.70E+11,A10236,Add penalty,complete,9/28/2007,"[8, 9, 0, 7, 5]",,
6.70E+11,A10236,Send Appeal to Prefecture,complete,10/2/2007,"[8, 9, 0, 7, 5, 6]",,
ENDOFTRACE,ENDOFTRACE,ENDOFTRACE,ENDOFTRACE,ENDOFTRACE,[],,
6.74E+11,A10237,Create Fine,complete,3/11/2007,[8],,
6.74E+11,A10237,Payment,complete,3/12/2007,"[8, 2]",,
ENDOFTRACE,ENDOFTRACE,ENDOFTRACE,ENDOFTRACE,ENDOFTRACE,[],,
6.79E+11,A10238,Create Fine,complete,3/12/2007,[8],,
6.79E+11,A10238,Send Fine,complete,7/17/2007,"[8, 9]",,
6.79E+11,A10238,Insert Fine Notification,complete,7/25/2007,"[8, 9, 0]",,
6.79E+11,A10238,Add penalty,complete,9/23/2007,"[8, 9, 0, 5]",,
6.79E+11,A10238,Send for Credit Collection,complete,3/30/2009,"[8, 9, 0, 5, 10]",,
ENDOFTRACE,ENDOFTRACE,ENDOFTRACE,ENDOFTRACE,ENDOFTRACE,[],,
6.83E+11,A10242,Create Fine,complete,3/14/2007,[8],,
6.83E+11,A10242,Send Fine,complete,7/17/2007,"[8, 9]",,
6.83E+11,A10242,Insert Fine Notification,complete,7/24/2007,"[8, 9, 0]",,
6.83E+11,A10242,Add penalty,complete,9/22/2007,"[8, 9, 0, 5]",,
6.83E+11,A10242,Send for Credit Collection,complete,3/30/2009,"[8, 9, 0, 5, 10]",,
ENDOFTRACE,ENDOFTRACE,ENDOFTRACE,ENDOFTRACE,ENDOFTRACE,[],,
6.87E+11,A10243,Create Fine,complete,3/14/2007,[8],,
6.87E+11,A10243,Payment,complete,3/15/2007,"[8, 2]",,
ENDOFTRACE,ENDOFTRACE,ENDOFTRACE,ENDOFTRACE,ENDOFTRACE,[],,
6.91E+11,A10245,Create Fine,complete,3/14/2007,[8],,
6.91E+11,A10245,Send Fine,complete,7/17/2007,"[8, 9]",,
ENDOFTRACE,ENDOFTRACE,ENDOFTRACE,ENDOFTRACE,ENDOFTRACE,[],,
6.96E+11,A10247,Create Fine,complete,3/14/2007,[8],,
6.96E+11,A10247,Send Fine,complete,9/13/2007,"[8, 9]",,
6.96E+11,A10247,Insert Fine Notification,complete,10/2/2007,"[8, 9, 0]",,
6.96E+11,A10247,Add penalty,complete,12/1/2007,"[8, 9, 0, 5]",,
6.96E+11,A10247,Send for Credit Collection,complete,3/30/2009,"[8, 9, 0, 5, 10]",,
ENDOFTRACE,ENDOFTRACE,ENDOFTRACE,ENDOFTRACE,ENDOFTRACE,[],,
7.00E+11,A10249,Create Fine,complete,3/14/2007,[8],,
7.00E+11,A10249,Send Fine,complete,7/17/2007,"[8, 9]",,
7.00E+11,A10249,Insert Fine Notification,complete,7/25/2007,"[8, 9, 0]",,
7.00E+11,A10249,Add penalty,complete,9/23/2007,"[8, 9, 0, 5]",,
7.00E+11,A10249,Insert Date Appeal to Prefecture,complete,11/2/2007,"[8, 9, 0, 5, 7]",,
7.00E+11,A10249,Send Appeal to Prefecture,complete,12/28/2007,"[8, 9, 0, 5, 7, 6]",,
7.00E+11,A10249,Receive Result Appeal from Prefecture,complete,1/22/2008,"[8, 9, 0, 5, 7, 6, 3]",,
7.00E+11,A10249,Notify Result Appeal to Offender,complete,1/25/2008,"[8, 9, 0, 5, 7, 6, 3, 4]",,
7.00E+11,A10249,Payment,complete,2/9/2008,"[8, 9, 0, 5, 7, 6, 3, 4, 2]",,
ENDOFTRACE,ENDOFTRACE,ENDOFTRACE,ENDOFTRACE,ENDOFTRACE,[],,
7.04E+11,A10250,Create Fine,complete,3/14/2007,[8],,
7.04E+11,A10250,Send Fine,complete,7/17/2007,"[8, 9]",,
7.04E+11,A10250,Insert Fine Notification,complete,8/2/2007,"[8, 9, 0]",,
7.04E+11,A10250,Add penalty,complete,10/1/2007,"[8, 9, 0, 5]",,
7.04E+11,A10250,Payment,complete,9/3/2008,"[8, 9, 0, 5, 2]",,
ENDOFTRACE,ENDOFTRACE,ENDOFTRACE,ENDOFTRACE,ENDOFTRACE,[],,
7.09E+11,A10251,Create Fine,complete,3/14/2007,[8],,
7.09E+11,A10251,Send Fine,complete,7/17/2007,"[8, 9]",,
ENDOFTRACE,ENDOFTRACE,ENDOFTRACE,ENDOFTRACE,ENDOFTRACE,[],,
7.13E+11,A10253,Create Fine,complete,3/14/2007,[8],,
7.13E+11,A10253,Send Fine,complete,7/17/2007,"[8, 9]",,
ENDOFTRACE,ENDOFTRACE,ENDOFTRACE,ENDOFTRACE,ENDOFTRACE,[],,
7.17E+11,A10254,Create Fine,complete,3/15/2007,[8],,
7.17E+11,A10254,Send Fine,complete,9/29/2007,"[8, 9]",,
7.17E+11,A10254,Insert Fine Notification,complete,10/21/2007,"[8, 9, 0]",,
7.17E+11,A10254,Add penalty,complete,12/20/2007,"[8, 9, 0, 5]",,
7.17E+11,A10254,Send for Credit Collection,complete,3/30/2009,"[8, 9, 0, 5, 10]",,
ENDOFTRACE,ENDOFTRACE,ENDOFTRACE,ENDOFTRACE,ENDOFTRACE,[],,
7.22E+11,A10262,Create Fine,complete,3/16/2007,[8],,
7.22E+11,A10262,Send Fine,complete,7/17/2007,"[8, 9]",,
ENDOFTRACE,ENDOFTRACE,ENDOFTRACE,ENDOFTRACE,ENDOFTRACE,[],,
7.26E+11,A10263,Create Fine,complete,3/16/2007,[8],,
7.26E+11,A10263,Send Fine,complete,7/17/2007,"[8, 9]",,
7.26E+11,A10263,Insert Fine Notification,complete,8/2/2007,"[8, 9, 0]",,
7.26E+11,A10263,Add penalty,complete,10/1/2007,"[8, 9, 0, 5]",,
7.26E+11,A10263,Send for Credit Collection,complete,3/30/2009,"[8, 9, 0, 5, 10]",,
ENDOFTRACE,ENDOFTRACE,ENDOFTRACE,ENDOFTRACE,ENDOFTRACE,[],,
7.30E+11,A10264,Create Fine,complete,3/16/2007,[8],,
7.30E+11,A10264,Send Fine,complete,7/17/2007,"[8, 9]",,
ENDOFTRACE,ENDOFTRACE,ENDOFTRACE,ENDOFTRACE,ENDOFTRACE,[],,
7.34E+11,A10265,Create Fine,complete,3/16/2007,[8],,
7.34E+11,A10265,Send Fine,complete,7/17/2007,"[8, 9]",,
ENDOFTRACE,ENDOFTRACE,ENDOFTRACE,ENDOFTRACE,ENDOFTRACE,[],,
7.39E+11,A10266,Create Fine,complete,3/16/2007,[8],,
7.39E+11,A10266,Send Fine,complete,7/17/2007,"[8, 9]",,
7.39E+11,A10266,Insert Fine Notification,complete,7/23/2007,"[8, 9, 0]",,
7.39E+11,A10266,Add penalty,complete,9/21/2007,"[8, 9, 0, 5]",,
7.39E+11,A10266,Send for Credit Collection,complete,3/30/2009,"[8, 9, 0, 5, 10]",,
ENDOFTRACE,ENDOFTRACE,ENDOFTRACE,ENDOFTRACE,ENDOFTRACE,[],,
7.43E+11,A10267,Create Fine,complete,3/16/2007,[8],,
7.43E+11,A10267,Payment,complete,3/22/2007,"[8, 2]",,
ENDOFTRACE,ENDOFTRACE,ENDOFTRACE,ENDOFTRACE,ENDOFTRACE,[],,
7.47E+11,A10268,Create Fine,complete,3/17/2007,[8],,
7.47E+11,A10268,Payment,complete,3/22/2007,"[8, 2]",,
ENDOFTRACE,ENDOFTRACE,ENDOFTRACE,ENDOFTRACE,ENDOFTRACE,[],,
7.52E+11,A10269,Create Fine,complete,3/17/2007,[8],,
7.52E+11,A10269,Send Fine,complete,7/17/2007,"[8, 9]",,
7.52E+11,A10269,Insert Fine Notification,complete,7/23/2007,"[8, 9, 0]",,
7.52E+11,A10269,Add penalty,complete,9/21/2007,"[8, 9, 0, 5]",,
7.52E+11,A10269,Send for Credit Collection,complete,3/30/2009,"[8, 9, 0, 5, 10]",,
ENDOFTRACE,ENDOFTRACE,ENDOFTRACE,ENDOFTRACE,ENDOFTRACE,[],,
7.56E+11,A10271,Create Fine,complete,3/17/2007,[8],,
7.56E+11,A10271,Send Fine,complete,7/17/2007,"[8, 9]",,
ENDOFTRACE,ENDOFTRACE,ENDOFTRACE,ENDOFTRACE,ENDOFTRACE,[],,
7.60E+11,A10273,Create Fine,complete,3/17/2007,[8],,
7.60E+11,A10273,Payment,complete,3/20/2007,"[8, 2]",,
ENDOFTRACE,ENDOFTRACE,ENDOFTRACE,ENDOFTRACE,ENDOFTRACE,[],,
7.65E+11,A10277,Create Fine,complete,3/18/2007,[8],,
7.65E+11,A10277,Send Fine,complete,7/17/2007,"[8, 9]",,
ENDOFTRACE,ENDOFTRACE,ENDOFTRACE,ENDOFTRACE,ENDOFTRACE,[],,
7.69E+11,A10280,Create Fine,complete,3/18/2007,[8],,
7.69E+11,A10280,Send Fine,complete,7/17/2007,"[8, 9]",,
ENDOFTRACE,ENDOFTRACE,ENDOFTRACE,ENDOFTRACE,ENDOFTRACE,[],,
7.73E+11,A10281,Create Fine,complete,3/18/2007,[8],,
7.73E+11,A10281,Payment,complete,3/20/2007,"[8, 2]",,
ENDOFTRACE,ENDOFTRACE,ENDOFTRACE,ENDOFTRACE,ENDOFTRACE,[],,
7.77E+11,A10282,Create Fine,complete,3/18/2007,[8],,
7.77E+11,A10282,Payment,complete,3/20/2007,"[8, 2]",,
ENDOFTRACE,ENDOFTRACE,ENDOFTRACE,ENDOFTRACE,ENDOFTRACE,[],,
7.82E+11,A10283,Create Fine,complete,3/18/2007,[8],,
7.82E+11,A10283,Payment,complete,5/17/2007,"[8, 2]",,
ENDOFTRACE,ENDOFTRACE,ENDOFTRACE,ENDOFTRACE,ENDOFTRACE,[],,
7.86E+11,A10284,Create Fine,complete,3/18/2007,[8],,
7.86E+11,A10284,Payment,complete,3/22/2007,"[8, 2]",,
ENDOFTRACE,ENDOFTRACE,ENDOFTRACE,ENDOFTRACE,ENDOFTRACE,[],,
7.90E+11,A10285,Create Fine,complete,3/18/2007,[8],,
7.90E+11,A10285,Payment,complete,3/24/2007,"[8, 2]",,
ENDOFTRACE,ENDOFTRACE,ENDOFTRACE,ENDOFTRACE,ENDOFTRACE,[],,
7.95E+11,A10286,Create Fine,complete,3/18/2007,[8],,
7.95E+11,A10286,Payment,complete,3/20/2007,"[8, 2]",,
ENDOFTRACE,ENDOFTRACE,ENDOFTRACE,ENDOFTRACE,ENDOFTRACE,[],,
7.99E+11,A10287,Create Fine,complete,3/18/2007,[8],,
7.99E+11,A10287,Payment,complete,3/22/2007,"[8, 2]",,
ENDOFTRACE,ENDOFTRACE,ENDOFTRACE,ENDOFTRACE,ENDOFTRACE,[],,
8.03E+11,A10288,Create Fine,complete,3/18/2007,[8],,
8.03E+11,A10288,Send Fine,complete,7/17/2007,"[8, 9]",,
8.03E+11,A10288,Insert Fine Notification,complete,7/23/2007,"[8, 9, 0]",,
8.03E+11,A10288,Add penalty,complete,9/21/2007,"[8, 9, 0, 5]",,
8.03E+11,A10288,Payment,complete,10/1/2008,"[8, 9, 0, 5, 2]",,
ENDOFTRACE,ENDOFTRACE,ENDOFTRACE,ENDOFTRACE,ENDOFTRACE,[],,
8.07E+11,A10289,Create Fine,complete,3/18/2007,[8],,
8.07E+11,A10289,Payment,complete,3/18/2007,"[8, 2]",,
ENDOFTRACE,ENDOFTRACE,ENDOFTRACE,ENDOFTRACE,ENDOFTRACE,[],,
8.12E+11,A10290,Create Fine,complete,3/18/2007,[8],,
8.12E+11,A10290,Send Fine,complete,7/17/2007,"[8, 9]",,
8.12E+11,A10290,Insert Fine Notification,complete,7/24/2007,"[8, 9, 0]",,
8.12E+11,A10290,Add penalty,complete,9/22/2007,"[8, 9, 0, 5]",,
8.12E+11,A10290,Send for Credit Collection,complete,3/30/2009,"[8, 9, 0, 5, 10]",,
ENDOFTRACE,ENDOFTRACE,ENDOFTRACE,ENDOFTRACE,ENDOFTRACE,[],,
8.16E+11,A10291,Create Fine,complete,3/18/2007,[8],,
8.16E+11,A10291,Send Fine,complete,7/17/2007,"[8, 9]",,
ENDOFTRACE,ENDOFTRACE,ENDOFTRACE,ENDOFTRACE,ENDOFTRACE,[],,
8.20E+11,A10292,Create Fine,complete,3/18/2007,[8],,
8.20E+11,A10292,Payment,complete,3/21/2007,"[8, 2]",,
ENDOFTRACE,ENDOFTRACE,ENDOFTRACE,ENDOFTRACE,ENDOFTRACE,[],,
8.25E+11,A10295,Create Fine,complete,3/18/2007,[8],,
8.25E+11,A10295,Payment,complete,5/18/2007,"[8, 2]",,
ENDOFTRACE,ENDOFTRACE,ENDOFTRACE,ENDOFTRACE,ENDOFTRACE,[],,
8.29E+11,A10296,Create Fine,complete,3/21/2007,[8],,
8.29E+11,A10296,Send Fine,complete,8/2/2007,"[8, 9]",,
ENDOFTRACE,ENDOFTRACE,ENDOFTRACE,ENDOFTRACE,ENDOFTRACE,[],,
8.33E+11,A10299,Create Fine,complete,3/21/2007,[8],,
8.33E+11,A10299,Send Fine,complete,7/17/2007,"[8, 9]",,
8.33E+11,A10299,Insert Fine Notification,complete,7/25/2007,"[8, 9, 0]",,
8.33E+11,A10299,Add penalty,complete,9/23/2007,"[8, 9, 0, 5]",,
8.33E+11,A10299,Send for Credit Collection,complete,3/30/2009,"[8, 9, 0, 5, 10]",,
ENDOFTRACE,ENDOFTRACE,ENDOFTRACE,ENDOFTRACE,ENDOFTRACE,[],,
8.38E+11,A103,Create Fine,complete,7/30/2006,[8],,
8.38E+11,A103,Send Fine,complete,12/12/2006,"[8, 9]",,
8.38E+11,A103,Insert Fine Notification,complete,1/14/2007,"[8, 9, 0]",,
8.38E+11,A103,Add penalty,complete,3/15/2007,"[8, 9, 0, 5]",,
8.38E+11,A103,Send for Credit Collection,complete,3/30/2009,"[8, 9, 0, 5, 10]",,
ENDOFTRACE,ENDOFTRACE,ENDOFTRACE,ENDOFTRACE,ENDOFTRACE,[],,
8.42E+11,A10304,Create Fine,complete,3/9/2007,[8],,
8.42E+11,A10304,Send Fine,complete,7/17/2007,"[8, 9]",,
8.42E+11,A10304,Insert Fine Notification,complete,7/23/2007,"[8, 9, 0]",,
8.42E+11,A10304,Add penalty,complete,9/21/2007,"[8, 9, 0, 5]",,
8.42E+11,A10304,Send for Credit Collection,complete,3/30/2009,"[8, 9, 0, 5, 10]",,
ENDOFTRACE,ENDOFTRACE,ENDOFTRACE,ENDOFTRACE,ENDOFTRACE,[],,
8.46E+11,A10305,Create Fine,complete,3/10/2007,[8],,
8.46E+11,A10305,Send Fine,complete,7/17/2007,"[8, 9]",,
8.46E+11,A10305,Insert Fine Notification,complete,7/25/2007,"[8, 9, 0]",,
8.46E+11,A10305,Add penalty,complete,9/23/2007,"[8, 9, 0, 5]",,
8.46E+11,A10305,Payment,complete,10/10/2008,"[8, 9, 0, 5, 2]",,
ENDOFTRACE,ENDOFTRACE,ENDOFTRACE,ENDOFTRACE,ENDOFTRACE,[],,
8.50E+11,A10306,Create Fine,complete,3/10/2007,[8],,
8.50E+11,A10306,Payment,complete,3/21/2007,"[8, 2]",,
ENDOFTRACE,ENDOFTRACE,ENDOFTRACE,ENDOFTRACE,ENDOFTRACE,[],,
8.55E+11,A10308,Create Fine,complete,3/10/2007,[8],,
8.55E+11,A10308,Payment,complete,3/13/2007,"[8, 2]",,
ENDOFTRACE,ENDOFTRACE,ENDOFTRACE,ENDOFTRACE,ENDOFTRACE,[],,
8.59E+11,A10309,Create Fine,complete,3/10/2007,[8],,
8.59E+11,A10309,Payment,complete,4/16/2007,"[8, 2]",,
ENDOFTRACE,ENDOFTRACE,ENDOFTRACE,ENDOFTRACE,ENDOFTRACE,[],,
8.63E+11,A10310,Create Fine,complete,3/10/2007,[8],,
8.63E+11,A10310,Send Fine,complete,7/17/2007,"[8, 9]",,
8.63E+11,A10310,Insert Fine Notification,complete,7/25/2007,"[8, 9, 0]",,
8.63E+11,A10310,Add penalty,complete,9/23/2007,"[8, 9, 0, 5]",,
8.63E+11,A10310,Send for Credit Collection,complete,3/30/2009,"[8, 9, 0, 5, 10]",,
ENDOFTRACE,ENDOFTRACE,ENDOFTRACE,ENDOFTRACE,ENDOFTRACE,[],,
8.68E+11,A10311,Create Fine,complete,3/10/2007,[8],,
8.68E+11,A10311,Send Fine,complete,7/17/2007,"[8, 9]",,
8.68E+11,A10311,Insert Fine Notification,complete,7/23/2007,"[8, 9, 0]",,
8.68E+11,A10311,Add penalty,complete,9/21/2007,"[8, 9, 0, 5]",,
8.68E+11,A10311,Send for Credit Collection,complete,3/30/2009,"[8, 9, 0, 5, 10]",,
ENDOFTRACE,ENDOFTRACE,ENDOFTRACE,ENDOFTRACE,ENDOFTRACE,[],,
8.72E+11,A10312,Create Fine,complete,3/10/2007,[8],,
8.72E+11,A10312,Payment,complete,3/15/2007,"[8, 2]",,
ENDOFTRACE,ENDOFTRACE,ENDOFTRACE,ENDOFTRACE,ENDOFTRACE,[],,
8.76E+11,A10317,Create Fine,complete,3/14/2007,[8],,
8.76E+11,A10317,Send Fine,complete,7/17/2007,"[8, 9]",,
ENDOFTRACE,ENDOFTRACE,ENDOFTRACE,ENDOFTRACE,ENDOFTRACE,[],,
8.80E+11,A10318,Create Fine,complete,3/14/2007,[8],,
8.80E+11,A10318,Payment,complete,3/21/2007,"[8, 2]",,
ENDOFTRACE,ENDOFTRACE,ENDOFTRACE,ENDOFTRACE,ENDOFTRACE,[],,
8.85E+11,A10319,Create Fine,complete,3/14/2007,[8],,
8.85E+11,A10319,Send Fine,complete,7/17/2007,"[8, 9]",,
8.85E+11,A10319,Insert Fine Notification,complete,8/5/2007,"[8, 9, 0]",,
8.85E+11,A10319,Add penalty,complete,10/4/2007,"[8, 9, 0, 5]",,
8.85E+11,A10319,Send for Credit Collection,complete,3/30/2009,"[8, 9, 0, 5, 10]",,
ENDOFTRACE,ENDOFTRACE,ENDOFTRACE,ENDOFTRACE,ENDOFTRACE,[],,
8.89E+11,A10320,Create Fine,complete,3/15/2007,[8],,
8.89E+11,A10320,Send Fine,complete,7/17/2007,"[8, 9]",,
8.89E+11,A10320,Insert Fine Notification,complete,8/2/2007,"[8, 9, 0]",,
8.89E+11,A10320,Add penalty,complete,10/1/2007,"[8, 9, 0, 5]",,
8.89E+11,A10320,Payment,complete,9/17/2008,"[8, 9, 0, 5, 2]",,
ENDOFTRACE,ENDOFTRACE,ENDOFTRACE,ENDOFTRACE,ENDOFTRACE,[],,
8.93E+11,A10321,Create Fine,complete,3/15/2007,[8],,
8.93E+11,A10321,Send Fine,complete,7/17/2007,"[8, 9]",,
8.93E+11,A10321,Insert Fine Notification,complete,7/30/2007,"[8, 9, 0]",,
8.93E+11,A10321,Add penalty,complete,9/28/2007,"[8, 9, 0, 5]",,
8.93E+11,A10321,Payment,complete,9/9/2008,"[8, 9, 0, 5, 2]",,
ENDOFTRACE,ENDOFTRACE,ENDOFTRACE,ENDOFTRACE,ENDOFTRACE,[],,
8.98E+11,A10322,Create Fine,complete,3/15/2007,[8],,
8.98E+11,A10322,Send Fine,complete,7/17/2007,"[8, 9]",,
8.98E+11,A10322,Insert Fine Notification,complete,7/24/2007,"[8, 9, 0]",,
8.98E+11,A10322,Add penalty,complete,9/22/2007,"[8, 9, 0, 5]",,
8.98E+11,A10322,Send for Credit Collection,complete,3/30/2009,"[8, 9, 0, 5, 10]",,
ENDOFTRACE,ENDOFTRACE,ENDOFTRACE,ENDOFTRACE,ENDOFTRACE,[],,
9.02E+11,A10323,Create Fine,complete,3/15/2007,[8],,
9.02E+11,A10323,Payment,complete,3/16/2007,"[8, 2]",,
ENDOFTRACE,ENDOFTRACE,ENDOFTRACE,ENDOFTRACE,ENDOFTRACE,[],,
9.06E+11,A10324,Create Fine,complete,3/15/2007,[8],,
9.06E+11,A10324,Payment,complete,3/23/2007,"[8, 2]",,
ENDOFTRACE,ENDOFTRACE,ENDOFTRACE,ENDOFTRACE,ENDOFTRACE,[],,
9.11E+11,A10325,Create Fine,complete,3/15/2007,[8],,
9.11E+11,A10325,Send Fine,complete,7/17/2007,"[8, 9]",,
9.11E+11,A10325,Insert Fine Notification,complete,7/24/2007,"[8, 9, 0]",,
9.11E+11,A10325,Add penalty,complete,9/22/2007,"[8, 9, 0, 5]",,
9.11E+11,A10325,Send for Credit Collection,complete,3/30/2009,"[8, 9, 0, 5, 10]",,
ENDOFTRACE,ENDOFTRACE,ENDOFTRACE,ENDOFTRACE,ENDOFTRACE,[],,
9.15E+11,A10326,Create Fine,complete,3/17/2007,[8],,
9.15E+11,A10326,Payment,complete,3/21/2007,"[8, 2]",,
ENDOFTRACE,ENDOFTRACE,ENDOFTRACE,ENDOFTRACE,ENDOFTRACE,[],,
9.19E+11,A10328,Create Fine,complete,3/18/2007,[8],,
9.19E+11,A10328,Payment,complete,3/23/2007,"[8, 2]",,
ENDOFTRACE,ENDOFTRACE,ENDOFTRACE,ENDOFTRACE,ENDOFTRACE,[],,
9.23E+11,A10331,Create Fine,complete,3/18/2007,[8],,
9.23E+11,A10331,Send Fine,complete,7/17/2007,"[8, 9]",,
9.23E+11,A10331,Insert Fine Notification,complete,7/23/2007,"[8, 9, 0]",,
9.23E+11,A10331,Add penalty,complete,9/21/2007,"[8, 9, 0, 5]",,
9.23E+11,A10331,Send for Credit Collection,complete,3/30/2009,"[8, 9, 0, 5, 10]",,
ENDOFTRACE,ENDOFTRACE,ENDOFTRACE,ENDOFTRACE,ENDOFTRACE,[],,
9.28E+11,A10332,Payment,complete,3/18/2007,[2],,
9.28E+11,A10332,Create Fine,complete,3/18/2007,"[2, 8]",,
ENDOFTRACE,ENDOFTRACE,ENDOFTRACE,ENDOFTRACE,ENDOFTRACE,[],,
9.32E+11,A10333,Create Fine,complete,3/18/2007,[8],,
9.32E+11,A10333,Send Fine,complete,7/17/2007,"[8, 9]",,
9.32E+11,A10333,Insert Fine Notification,complete,7/23/2007,"[8, 9, 0]",,
9.32E+11,A10333,Add penalty,complete,9/21/2007,"[8, 9, 0, 5]",,
9.32E+11,A10333,Send for Credit Collection,complete,3/30/2009,"[8, 9, 0, 5, 10]",,
ENDOFTRACE,ENDOFTRACE,ENDOFTRACE,ENDOFTRACE,ENDOFTRACE,[],,
9.36E+11,A10335,Create Fine,complete,3/18/2007,[8],,
9.36E+11,A10335,Payment,complete,3/21/2007,"[8, 2]",,
ENDOFTRACE,ENDOFTRACE,ENDOFTRACE,ENDOFTRACE,ENDOFTRACE,[],,
9.41E+11,A10337,Create Fine,complete,3/18/2007,[8],,
9.41E+11,A10337,Payment,complete,3/22/2007,"[8, 2]",,
ENDOFTRACE,ENDOFTRACE,ENDOFTRACE,ENDOFTRACE,ENDOFTRACE,[],,
9.45E+11,A10338,Create Fine,complete,3/18/2007,[8],,
9.45E+11,A10338,Send Fine,complete,7/17/2007,"[8, 9]",,
9.45E+11,A10338,Insert Fine Notification,complete,7/25/2007,"[8, 9, 0]",,
9.45E+11,A10338,Add penalty,complete,9/23/2007,"[8, 9, 0, 5]",,
9.45E+11,A10338,Insert Date Appeal to Prefecture,complete,10/5/2007,"[8, 9, 0, 5, 7]",,
9.45E+11,A10338,Send Appeal to Prefecture,complete,10/12/2007,"[8, 9, 0, 5, 7, 6]",,
9.45E+11,A10338,Receive Result Appeal from Prefecture,complete,10/23/2007,"[8, 9, 0, 5, 7, 6, 3]",,
9.45E+11,A10338,Notify Result Appeal to Offender,complete,10/31/2007,"[8, 9, 0, 5, 7, 6, 3, 4]",,
9.45E+11,A10338,Payment,complete,11/12/2007,"[8, 9, 0, 5, 7, 6, 3, 4, 2]",,
ENDOFTRACE,ENDOFTRACE,ENDOFTRACE,ENDOFTRACE,ENDOFTRACE,[],,
9.49E+11,A10339,Create Fine,complete,3/18/2007,[8],,
9.49E+11,A10339,Send Fine,complete,7/17/2007,"[8, 9]",,
ENDOFTRACE,ENDOFTRACE,ENDOFTRACE,ENDOFTRACE,ENDOFTRACE,[],,
9.53E+11,A10342,Create Fine,complete,3/18/2007,[8],,
9.53E+11,A10342,Payment,complete,3/23/2007,"[8, 2]",,
ENDOFTRACE,ENDOFTRACE,ENDOFTRACE,ENDOFTRACE,ENDOFTRACE,[],,
9.58E+11,A10344,Create Fine,complete,3/18/2007,[8],,
9.58E+11,A10344,Payment,complete,3/28/2007,"[8, 2]",,
ENDOFTRACE,ENDOFTRACE,ENDOFTRACE,ENDOFTRACE,ENDOFTRACE,[],,
9.62E+11,A10345,Create Fine,complete,3/18/2007,[8],,
9.62E+11,A10345,Send Fine,complete,7/17/2007,"[8, 9]",,
ENDOFTRACE,ENDOFTRACE,ENDOFTRACE,ENDOFTRACE,ENDOFTRACE,[],,
9.66E+11,A10349,Create Fine,complete,3/19/2007,[8],,
9.66E+11,A10349,Send Fine,complete,7/17/2007,"[8, 9]",,
9.66E+11,A10349,Insert Fine Notification,complete,7/23/2007,"[8, 9, 0]",,
9.66E+11,A10349,Add penalty,complete,9/21/2007,"[8, 9, 0, 5]",,
9.66E+11,A10349,Send for Credit Collection,complete,3/30/2009,"[8, 9, 0, 5, 10]",,
ENDOFTRACE,ENDOFTRACE,ENDOFTRACE,ENDOFTRACE,ENDOFTRACE,[],,
9.71E+11,A10351,Create Fine,complete,3/19/2007,[8],,
9.71E+11,A10351,Send Fine,complete,7/17/2007,"[8, 9]",,
9.71E+11,A10351,Insert Fine Notification,complete,7/21/2007,"[8, 9, 0]",,
9.71E+11,A10351,Add penalty,complete,9/19/2007,"[8, 9, 0, 5]",,
9.71E+11,A10351,Send for Credit Collection,complete,3/30/2009,"[8, 9, 0, 5, 10]",,
ENDOFTRACE,ENDOFTRACE,ENDOFTRACE,ENDOFTRACE,ENDOFTRACE,[],,
9.75E+11,A10354,Create Fine,complete,3/23/2007,[8],,
9.75E+11,A10354,Send Fine,complete,8/2/2007,"[8, 9]",,
ENDOFTRACE,ENDOFTRACE,ENDOFTRACE,ENDOFTRACE,ENDOFTRACE,[],,
9.79E+11,A10357,Create Fine,complete,3/23/2007,[8],,
9.79E+11,A10357,Send Fine,complete,8/2/2007,"[8, 9]",,
9.79E+11,A10357,Insert Fine Notification,complete,8/9/2007,"[8, 9, 0]",,
9.79E+11,A10357,Add penalty,complete,10/8/2007,"[8, 9, 0, 5]",,
9.79E+11,A10357,Send for Credit Collection,complete,3/30/2009,"[8, 9, 0, 5, 10]",,
ENDOFTRACE,ENDOFTRACE,ENDOFTRACE,ENDOFTRACE,ENDOFTRACE,[],,
9.84E+11,A10358,Create Fine,complete,3/24/2007,[8],,
9.84E+11,A10358,Payment,complete,3/28/2007,"[8, 2]",,
ENDOFTRACE,ENDOFTRACE,ENDOFTRACE,ENDOFTRACE,ENDOFTRACE,[],,
9.88E+11,A10359,Create Fine,complete,3/24/2007,[8],,
9.88E+11,A10359,Payment,complete,3/27/2007,"[8, 2]",,
ENDOFTRACE,ENDOFTRACE,ENDOFTRACE,ENDOFTRACE,ENDOFTRACE,[],,
9.92E+11,A10361,Create Fine,complete,3/24/2007,[8],,
9.92E+11,A10361,Payment,complete,3/26/2007,"[8, 2]",,
ENDOFTRACE,ENDOFTRACE,ENDOFTRACE,ENDOFTRACE,ENDOFTRACE,[],,
9.96E+11,A10366,Create Fine,complete,3/25/2007,[8],,
9.96E+11,A10366,Payment,complete,3/26/2007,"[8, 2]",,
ENDOFTRACE,ENDOFTRACE,ENDOFTRACE,ENDOFTRACE,ENDOFTRACE,[],,
1.00E+12,A10367,Create Fine,complete,3/25/2007,[8],,
1.00E+12,A10367,Send Fine,complete,7/17/2007,"[8, 9]",,
ENDOFTRACE,ENDOFTRACE,ENDOFTRACE,ENDOFTRACE,ENDOFTRACE,[],,
1.01E+12,A10368,Create Fine,complete,3/25/2007,[8],,
1.01E+12,A10368,Payment,complete,3/29/2007,"[8, 2]",,
ENDOFTRACE,ENDOFTRACE,ENDOFTRACE,ENDOFTRACE,ENDOFTRACE,[],,
1.01E+12,A10373,Create Fine,complete,3/25/2007,[8],,
1.01E+12,A10373,Payment,complete,3/28/2007,"[8, 2]",,
ENDOFTRACE,ENDOFTRACE,ENDOFTRACE,ENDOFTRACE,ENDOFTRACE,[],,
1.01E+12,A10374,Create Fine,complete,3/27/2007,[8],,
1.01E+12,A10374,Send Fine,complete,8/2/2007,"[8, 9]",,
1.01E+12,A10374,Insert Fine Notification,complete,8/9/2007,"[8, 9, 0]",,
1.01E+12,A10374,Add penalty,complete,10/8/2007,"[8, 9, 0, 5]",,
1.01E+12,A10374,Send for Credit Collection,complete,3/30/2009,"[8, 9, 0, 5, 10]",,
ENDOFTRACE,ENDOFTRACE,ENDOFTRACE,ENDOFTRACE,ENDOFTRACE,[],,
1.02E+12,A10379,Create Fine,complete,3/27/2007,[8],,
1.02E+12,A10379,Send Fine,complete,7/17/2007,"[8, 9]",,
1.02E+12,A10379,Insert Fine Notification,complete,8/10/2007,"[8, 9, 0]",,
1.02E+12,A10379,Add penalty,complete,10/9/2007,"[8, 9, 0, 5]",,
1.02E+12,A10379,Send for Credit Collection,complete,3/30/2009,"[8, 9, 0, 5, 10]",,
ENDOFTRACE,ENDOFTRACE,ENDOFTRACE,ENDOFTRACE,ENDOFTRACE,[],,
1.02E+12,A10381,Create Fine,complete,3/30/2007,[8],,
1.02E+12,A10381,Payment,complete,4/6/2007,"[8, 2]",,
ENDOFTRACE,ENDOFTRACE,ENDOFTRACE,ENDOFTRACE,ENDOFTRACE,[],,
1.03E+12,A10382,Create Fine,complete,3/30/2007,[8],,
1.03E+12,A10382,Payment,complete,4/11/2007,"[8, 2]",,
ENDOFTRACE,ENDOFTRACE,ENDOFTRACE,ENDOFTRACE,ENDOFTRACE,[],,
1.03E+12,A10383,Create Fine,complete,3/30/2007,[8],,
1.03E+12,A10383,Payment,complete,4/2/2007,"[8, 2]",,
ENDOFTRACE,ENDOFTRACE,ENDOFTRACE,ENDOFTRACE,ENDOFTRACE,[],,
1.04E+12,A10384,Create Fine,complete,3/30/2007,[8],,
1.04E+12,A10384,Send Fine,complete,8/2/2007,"[8, 9]",,
1.04E+12,A10384,Insert Fine Notification,complete,8/19/2007,"[8, 9, 0]",,
1.04E+12,A10384,Add penalty,complete,10/18/2007,"[8, 9, 0, 5]",,
1.04E+12,A10384,Send for Credit Collection,complete,3/30/2009,"[8, 9, 0, 5, 10]",,
ENDOFTRACE,ENDOFTRACE,ENDOFTRACE,ENDOFTRACE,ENDOFTRACE,[],,
1.04E+12,A10385,Create Fine,complete,3/30/2007,[8],,
1.04E+12,A10385,Send Fine,complete,8/2/2007,"[8, 9]",,
ENDOFTRACE,ENDOFTRACE,ENDOFTRACE,ENDOFTRACE,ENDOFTRACE,[],,
1.04E+12,A10386,Create Fine,complete,3/30/2007,[8],,
1.04E+12,A10386,Payment,complete,4/2/2007,"[8, 2]",,
ENDOFTRACE,ENDOFTRACE,ENDOFTRACE,ENDOFTRACE,ENDOFTRACE,[],,
1.05E+12,A10388,Create Fine,complete,3/30/2007,[8],,
1.05E+12,A10388,Send Fine,complete,8/2/2007,"[8, 9]",,
1.05E+12,A10388,Insert Fine Notification,complete,8/23/2007,"[8, 9, 0]",,
1.05E+12,A10388,Add penalty,complete,10/22/2007,"[8, 9, 0, 5]",,
1.05E+12,A10388,Send for Credit Collection,complete,3/30/2009,"[8, 9, 0, 5, 10]",,
ENDOFTRACE,ENDOFTRACE,ENDOFTRACE,ENDOFTRACE,ENDOFTRACE,[],,
1.05E+12,A10390,Create Fine,complete,3/31/2007,[8],,
1.05E+12,A10390,Send Fine,complete,9/29/2007,"[8, 9]",,
1.05E+12,A10390,Insert Fine Notification,complete,10/12/2007,"[8, 9, 0]",,
1.05E+12,A10390,Add penalty,complete,12/11/2007,"[8, 9, 0, 5]",,
1.05E+12,A10390,Send for Credit Collection,complete,3/30/2009,"[8, 9, 0, 5, 10]",,
ENDOFTRACE,ENDOFTRACE,ENDOFTRACE,ENDOFTRACE,ENDOFTRACE,[],,
1.06E+12,A10391,Create Fine,complete,4/2/2007,[8],,
1.06E+12,A10391,Send Fine,complete,8/2/2007,"[8, 9]",,
1.06E+12,A10391,Insert Fine Notification,complete,8/11/2007,"[8, 9, 0]",,
1.06E+12,A10391,Add penalty,complete,10/10/2007,"[8, 9, 0, 5]",,
1.06E+12,A10391,Payment,complete,11/5/2007,"[8, 9, 0, 5, 2]",,
ENDOFTRACE,ENDOFTRACE,ENDOFTRACE,ENDOFTRACE,ENDOFTRACE,[],,
1.06E+12,A10392,Create Fine,complete,4/5/2007,[8],,
1.06E+12,A10392,Payment,complete,5/3/2007,"[8, 2]",,
ENDOFTRACE,ENDOFTRACE,ENDOFTRACE,ENDOFTRACE,ENDOFTRACE,[],,
1.07E+12,A10393,Payment,complete,4/5/2007,[2],,
1.07E+12,A10393,Create Fine,complete,4/5/2007,"[2, 8]",,
ENDOFTRACE,ENDOFTRACE,ENDOFTRACE,ENDOFTRACE,ENDOFTRACE,[],,
1.07E+12,A10396,Create Fine,complete,4/6/2007,[8],,
1.07E+12,A10396,Send Fine,complete,8/2/2007,"[8, 9]",,
ENDOFTRACE,ENDOFTRACE,ENDOFTRACE,ENDOFTRACE,ENDOFTRACE,[],,
1.07E+12,A10397,Create Fine,complete,4/7/2007,[8],,
1.07E+12,A10397,Send Fine,complete,8/2/2007,"[8, 9]",,
1.07E+12,A10397,Insert Fine Notification,complete,8/14/2007,"[8, 9, 0]",,
1.07E+12,A10397,Add penalty,complete,10/13/2007,"[8, 9, 0, 5]",,
1.07E+12,A10397,Send for Credit Collection,complete,3/30/2009,"[8, 9, 0, 5, 10]",,
ENDOFTRACE,ENDOFTRACE,ENDOFTRACE,ENDOFTRACE,ENDOFTRACE,[],,
1.08E+12,A10400,Create Fine,complete,4/7/2007,[8],,
1.08E+12,A10400,Send Fine,complete,8/2/2007,"[8, 9]",,
1.08E+12,A10400,Insert Fine Notification,complete,8/10/2007,"[8, 9, 0]",,
1.08E+12,A10400,Add penalty,complete,10/9/2007,"[8, 9, 0, 5]",,
1.08E+12,A10400,Send for Credit Collection,complete,3/30/2009,"[8, 9, 0, 5, 10]",,
ENDOFTRACE,ENDOFTRACE,ENDOFTRACE,ENDOFTRACE,ENDOFTRACE,[],,
1.08E+12,A10401,Create Fine,complete,2/24/2007,[8],,
1.08E+12,A10401,Send Fine,complete,6/27/2007,"[8, 9]",,
1.08E+12,A10401,Insert Fine Notification,complete,7/21/2007,"[8, 9, 0]",,
1.08E+12,A10401,Add penalty,complete,9/19/2007,"[8, 9, 0, 5]",,
1.08E+12,A10401,Payment,complete,11/17/2008,"[8, 9, 0, 5, 2]",,
ENDOFTRACE,ENDOFTRACE,ENDOFTRACE,ENDOFTRACE,ENDOFTRACE,[],,
1.09E+12,A10402,Create Fine,complete,2/24/2007,[8],,
1.09E+12,A10402,Send Fine,complete,6/27/2007,"[8, 9]",,
ENDOFTRACE,ENDOFTRACE,ENDOFTRACE,ENDOFTRACE,ENDOFTRACE,[],,
1.09E+12,A10403,Create Fine,complete,2/24/2007,[8],,
1.09E+12,A10403,Send Fine,complete,6/27/2007,"[8, 9]",,
1.09E+12,A10403,Insert Fine Notification,complete,7/7/2007,"[8, 9, 0]",,
1.09E+12,A10403,Add penalty,complete,9/5/2007,"[8, 9, 0, 5]",,
1.09E+12,A10403,Send for Credit Collection,complete,3/30/2009,"[8, 9, 0, 5, 10]",,
ENDOFTRACE,ENDOFTRACE,ENDOFTRACE,ENDOFTRACE,ENDOFTRACE,[],,
1.10E+12,A10404,Create Fine,complete,3/2/2007,[8],,
1.10E+12,A10404,Send Fine,complete,6/27/2007,"[8, 9]",,
1.10E+12,A10404,Insert Fine Notification,complete,7/17/2007,"[8, 9, 0]",,
1.10E+12,A10404,Add penalty,complete,9/15/2007,"[8, 9, 0, 5]",,
1.10E+12,A10404,Send for Credit Collection,complete,3/30/2009,"[8, 9, 0, 5, 10]",,
ENDOFTRACE,ENDOFTRACE,ENDOFTRACE,ENDOFTRACE,ENDOFTRACE,[],,
1.10E+12,A10406,Create Fine,complete,3/11/2007,[8],,
1.10E+12,A10406,Send Fine,complete,7/17/2007,"[8, 9]",,
ENDOFTRACE,ENDOFTRACE,ENDOFTRACE,ENDOFTRACE,ENDOFTRACE,[],,
1.10E+12,A10407,Create Fine,complete,3/12/2007,[8],,
1.10E+12,A10407,Send Fine,complete,7/17/2007,"[8, 9]",,
ENDOFTRACE,ENDOFTRACE,ENDOFTRACE,ENDOFTRACE,ENDOFTRACE,[],,
1.11E+12,A10409,Create Fine,complete,3/17/2007,[8],,
1.11E+12,A10409,Send Fine,complete,8/2/2007,"[8, 9]",,
1.11E+12,A10409,Insert Fine Notification,complete,8/28/2007,"[8, 9, 0]",,
1.11E+12,A10409,Add penalty,complete,10/27/2007,"[8, 9, 0, 5]",,
1.11E+12,A10409,Send for Credit Collection,complete,3/30/2009,"[8, 9, 0, 5, 10]",,
ENDOFTRACE,ENDOFTRACE,ENDOFTRACE,ENDOFTRACE,ENDOFTRACE,[],,
1.11E+12,A1041,Create Fine,complete,11/16/2006,[8],,
1.11E+12,A1041,Send Fine,complete,4/4/2007,"[8, 9]",,
1.11E+12,A1041,Insert Fine Notification,complete,4/13/2007,"[8, 9, 0]",,
1.11E+12,A1041,Add penalty,complete,6/12/2007,"[8, 9, 0, 5]",,
1.11E+12,A1041,Send for Credit Collection,complete,3/30/2009,"[8, 9, 0, 5, 10]",,
ENDOFTRACE,ENDOFTRACE,ENDOFTRACE,ENDOFTRACE,ENDOFTRACE,[],,
1.12E+12,A10411,Create Fine,complete,3/25/2007,[8],,
1.12E+12,A10411,Send Fine,complete,8/2/2007,"[8, 9]",,
1.12E+12,A10411,Insert Fine Notification,complete,8/9/2007,"[8, 9, 0]",,
1.12E+12,A10411,Insert Date Appeal to Prefecture,complete,9/17/2007,"[8, 9, 0, 7]",,
1.12E+12,A10411,Add penalty,complete,10/8/2007,"[8, 9, 0, 7, 5]",,
1.12E+12,A10411,Send Appeal to Prefecture,complete,10/30/2007,"[8, 9, 0, 7, 5, 6]",,
ENDOFTRACE,ENDOFTRACE,ENDOFTRACE,ENDOFTRACE,ENDOFTRACE,[],,
1.12E+12,A10413,Create Fine,complete,4/1/2007,[8],,
1.12E+12,A10413,Send Fine,complete,8/2/2007,"[8, 9]",,
1.12E+12,A10413,Insert Fine Notification,complete,8/14/2007,"[8, 9, 0]",,
1.12E+12,A10413,Add penalty,complete,10/13/2007,"[8, 9, 0, 5]",,
1.12E+12,A10413,Send for Credit Collection,complete,3/30/2009,"[8, 9, 0, 5, 10]",,
1.12E+12,A10413,Appeal to Judge,complete,1/21/2008,"[8, 9, 0, 5, 10, 1]",,
ENDOFTRACE,ENDOFTRACE,ENDOFTRACE,ENDOFTRACE,ENDOFTRACE,[],,
